rho,b_plus,intensity,termination_reason,shell_crossing_count
0.0,0.0,0.0,axis,0
0.021052631578947368,0.05756859006886894,0.0,horizon,1
0.042105263157894736,0.11513641469382646,0.0,horizon,1
0.08421052631578947,0.2302667061416723,0.0,horizon,1
0.16842105263157894,0.4604844360831734,0.0,horizon,1
0.25263157894736843,0.6906042656916689,0.0,horizon,1
0.3368421052631579,0.9205773748399022,0.0,horizon,1
0.42105263157894735,1.1503550990868134,0.0,horizon,1
0.5052631578947369,1.37988898097317,0.0,horizon,1
0.5894736842105263,1.6091308208065367,0.0,horizon,1
0.6736842105263158,1.8380327268121963,0.0,horizon,1
0.7578947368421053,2.0665471645294096,0.0,horizon,1
0.8421052631578947,2.2946270053357383,0.0,horizon,1
0.9263157894736842,2.522225573985957,0.0,horizon,1
1.0105263157894737,2.749296695056347,0.0,horizon,1
1.0526315789473686,2.8626201807599103,0.0,horizon,1
1.073684210526316,2.9192264271327835,0.0,horizon,1
1.0947368421052632,2.975794738189908,0.002301681466871537,horizon,1
1.1157894736842104,3.032324413707233,0.014963552865783764,horizon,1
1.1368421052631579,3.088814755928676,0.03597191490721926,horizon,1
1.1578947368421053,3.145265069606796,0.06284778877439863,horizon,1
1.1789473684210525,3.2016746620431147,0.09366500920317437,horizon,1
1.1999999999999997,3.258042843128049,0.12693243390901202,horizon,1
1.2210526315789472,3.3143689253804816,0.16150164220298993,horizon,1
1.2421052631578946,3.3706522239869363,0.19649440533207632,horizon,1
1.263157894736842,3.426892056840377,0.2312455497956827,horizon,1
1.2842105263157895,3.4830877445786084,0.26525784586341666,horizon,1
1.305263157894737,3.539238610622294,0.2981663205922373,horizon,1
1.3263157894736843,3.59534398121255,0.32970997928178813,horizon,1
1.3473684210526315,3.651403185448159,0.359709366822653,horizon,1
1.3684210526315788,3.7074155553223602,0.3880487443553759,horizon,1
1.3894736842105262,3.7633804257592343,0.41466192206909497,horizon,1
1.4105263157894736,3.819297134649668,0.43952099453547283,horizon,1
1.431578947368421,3.875165022886891,0.46262738475995124,horizon,1
1.4341705439960617,3.8820389998774885,0.4653516011220379,horizon,1
1.4367621406237023,3.888912225882418,0.4680496591278611,horizon,1
1.439353737251343,3.895784699681726,0.4707216261146163,horizon,1
1.4419453338789836,3.902656420056164,0.47336757290587433,horizon,1
1.4429404652343176,3.9052948495263546,0.4743766754813042,horizon,1
1.4439355965896516,3.9079331676602167,0.4753819567758205,horizon,1
1.4449307279449857,3.910571374388803,0.47638342118625165,horizon,1
1.4459258593003197,3.913209469643182,0.47738107317752526,horizon,1
1.4499063847216558,3.9237607345405827,0.48133364857637745,horizon,1
1.4538869101429917,3.934310210340302,0.4852255994860475,horizon,1
1.4578674355643277,3.944857892638245,0.48905724220894997,horizon,1
1.4618479609856638,3.9554037770342854,0.4928289080066026,horizon,1
1.464753908369019,3.9631015687758144,0.49554470172058884,horizon,1
1.465828486407,3.96594785913228,0.4965409421817108,horizon,1
1.469809011828336,3.9764901345400743,0.5001937032002899,horizon,1
1.4737895372496719,3.987030598869509,0.5037875618521953,horizon,1
1.477770062671008,3.997569247736435,0.5073229004484617,horizon,1
1.481750588092344,4.008106076760711,0.5108001120539428,horizon,1
1.4834134647461543,4.012507329307497,0.5122356102371995,horizon,1
1.4857311135136801,4.018641081566224,0.5142195997537905,horizon,1
1.4897116389350162,4.029174257780881,0.5175817759516335,horizon,1
1.4936921643563523,4.039705601036639,0.5208870617036037,horizon,1
1.4976726897776882,4.050235106969492,0.5241358860696859,horizon,1
1.4986787345833197,4.052896060929797,0.5249481128240205,horizon,1
1.5016532151990243,4.0607627712194905,0.5273286855116954,horizon,1
1.5056337406203604,4.07128858943075,0.5304659033035003,horizon,1
1.5096142660416965,4.081812557251449,0.53354798897495,horizon,1
1.511167159200264,4.0859176928631324,0.5347355290232217,horizon,1
1.5135947914630326,4.09233467033385,0.5365753977791321,horizon,1
1.5157894736842106,4.098135294205154,0.5382213579069447,horizon,1
1.5175753168843684,4.102854924334299,0.539548590183991,horizon,1
1.521383863593749,4.112918906128478,0.5423430015263975,horizon,1
1.5215558423057045,4.113373314913236,0.5424680313871414,horizon,1
1.5255363677270406,4.123889837735203,0.545334190852909,horizon,1
1.5295168931483767,4.134404488468852,0.5481475418706966,horizon,1
1.529742087458289,4.134999288450055,0.5483051358855398,horizon,1
1.5334974185697128,4.144917262786951,0.5509085611337822,horizon,1
1.5365798996802338,4.153056963539968,0.5530110191571316,horizon,1
1.5374779439910486,4.1554281563663915,0.5536177283377245,horizon,1
1.5414584694123847,4.165937164888206,0.5562755257975566,horizon,1
1.5421738723639444,4.167825704244382,0.5567477918662952,horizon,1
1.5454389948337208,4.176444284037557,0.5588824380833818,horizon,1
1.5467502674696296,4.179905145767328,0.5597301526531822,horizon,1
1.549419520255057,4.186949509503766,0.5614389516703828,horizon,1
1.5504941885338717,4.189785400973772,0.5621205862168341,horizon,1
1.553400045676393,4.197452836980302,0.5639455546141973,horizon,1
1.5535570676366532,4.197867128503429,0.5640434175062763,horizon,1
1.556062790443647,4.204477903148083,0.5655947113431554,horizon,1
1.5573805710977289,4.207954262164803,0.5664027362276435,horizon,1
1.5581127070661438,4.2098855763699,0.5668493422272632,horizon,1
1.5597897314151494,4.214309184843115,0.5678661120589529,horizon,1
1.5611616948580982,4.217927860084095,0.5686915037431028,horizon,1
1.561361096519065,4.218453780759082,0.568810986786294,horizon,1
1.5622840898250547,4.220888107544156,0.5693624690303752,horizon,1
1.5632023143363012,4.223309754983974,0.5699085236850933,horizon,1
1.5639535082367333,4.225290814361886,0.5703533394512601,horizon,1
1.564568055408079,4.226911456332974,0.5707159658816382,horizon,1
1.5650708127195951,4.228237259761146,0.5710117766329794,horizon,1
1.565341621940401,4.228951388469123,0.571170797241734,horizon,1
1.5654821154251788,4.229321868782655,0.5712532083155161,horizon,1
1.5658185996726384,4.230209165633363,0.5714503415001011,horizon,1
1.5660938753935403,4.230935047622153,0.5716113604516566,horizon,1
1.5663190767903075,4.231528880457712,0.5717429188646282,horizon,1
1.5665033126863748,4.232014686935465,0.5718504321492573,horizon,1
1.5666540349549172,4.232412119213674,0.5719383119516446,horizon,1
1.5667773399281582,4.232737254105099,0.5720101549303801,horizon,1
1.566878214978494,4.233003243618888,0.5720688951437419,horizon,1
1.5669607402450165,4.23322084711047,0.5721169273451362,horizon,1
1.5670282536647564,4.23339886659366,0.5721562069342281,horizon,1
1.5670834859837424,4.233544502842435,0.5721883311140606,horizon,1
1.5671286712087291,4.233663646699278,0.5722146048758685,horizon,1
1.5671656369670854,4.2337611173818255,0.5722360947071449,horizon,1
1.5671958784296713,4.233840857432758,0.5722536723468448,horizon,1
1.5672206187866933,4.233906092202234,0.5722680504588138,horizon,1
1.567240858722637,4.233959460316186,0.5722798117341028,horizon,1
1.5672574168914069,4.234003120409484,0.5722894326446059,horizon,1
1.5672709630287949,4.234038838442188,0.5722973028391114,horizon,1
1.5672820450415876,4.234068059131476,0.5723037409865585,horizon,1
1.5672911111690024,4.234091964389007,0.5723090077209051,horizon,1
1.567298528112823,4.234111521127729,0.5723133162202603,horizon,1
1.5673045958695533,4.234127520372047,0.5723168408542549,horizon,1
1.5673095598645121,4.234140609253418,0.5723197242534963,horizon,1
1.5673136208786642,4.234151317185622,0.572322083089743,horizon,1
1.5673169431696978,4.234160077278493,0.5723240128024353,horizon,1
1.567319661115831,4.234167243856318,0.572325591463964,horizon,1
1.567321884651069,4.234173106789479,0.57232688294084,horizon,1
1.567331884651069,4.234199474401822,0.5723326909709477,horizon,1
1.5673418846510692,4.234225842002064,0.5723384986999874,horizon,1
1.567344108186307,4.234231704929248,0.5723397900280915,horizon,1
1.5673468261324404,4.234238871498136,0.5723413684673323,horizon,1
1.567350148423474,4.234247631577658,0.5723432978478928,horizon,1
1.567354209437626,4.234258339489916,0.5723456561878872,horizon,1
1.567359173432585,4.234271428341486,0.5723485388456541,horizon,1
1.567365241189315,4.234287427541275,0.5723520623717748,horizon,1
1.5673726581331358,4.234306984213464,0.5723563692158017,horizon,1
1.5673817242605506,4.234330889371586,0.5723616334768438,horizon,1
1.5673928062733433,4.234360109912343,0.5723680679288068,horizon,1
1.5674063524107313,4.234395827723119,0.5723759326017115,horizon,1
1.5674229105795012,4.234439487484822,0.5723855452621267,horizon,1
1.567443150515445,4.234492855103324,0.572397294210561,horizon,1
1.5674678908724669,4.234558089132521,0.5724116539043831,horizon,1
1.5674981323350528,4.234637828077371,0.5724292040246437,horizon,1
1.567535098093409,4.234735297107266,0.5724506527378013,horizon,1
1.5675802833183958,4.234854438494799,0.5724768650630466,horizon,1
1.5676355156373818,4.235000071054062,0.5725088974475555,horizon,1
1.5677030290571217,4.2351780850245735,0.5725480398808354,horizon,1
1.567785554323644,4.235395680279399,0.5725958671511286,horizon,1
1.56788642937398,4.235661657486252,0.5726543011670668,horizon,1
1.568009734347221,4.235986773989291,0.5727256866414936,horizon,1
1.5681604566157634,4.236384178792528,0.5728128828646707,horizon,1
1.5683446925118307,4.236869944218603,0.5729193747806975,horizon,1
1.568569893908598,4.237463715716875,0.5730494071170809,horizon,1
1.5688451696294998,4.2381895060586725,0.5732081458856432,horizon,1
1.5691816538769594,4.2390766659752,0.5734018721381815,horizon,1
1.5693221473617371,4.239447081005106,0.5734826589507062,horizon,1
1.569592956582543,4.240161070396766,0.5736382133595934,horizon,1
1.5700957138940592,4.241486568122331,0.5739264182066979,horizon,1
1.570710261065405,4.243106753328467,0.5742776802915858,horizon,1
1.571461454965837,4.245087130231951,0.5747055160418103,horizon,1
1.5723796794770835,4.247507757954043,0.5752262000382098,horizon,1
1.5733026727830732,4.249940854081399,0.5757470634150185,horizon,1
1.57350207444404,4.250466481805132,0.5758592578056224,horizon,1
1.5748740378869888,4.254082880549426,0.5766280100442702,horizon,1
1.5765510622359944,4.258503087601196,0.5775601521651127,horizon,1
1.5772831982044093,4.260432703416579,0.5779645020409947,horizon,1
1.5786009788584912,4.263905678599603,0.5786883367398759,horizon,1
1.581106701665485,4.270508859658778,0.5800507011275365,horizon,1
1.5812637236257452,4.2709226247334255,0.5801354659023499,horizon,1
1.5841695807682665,4.278579241267289,0.581691244010566,horizon,1
1.5852442490470813,4.281410613758944,0.5822604455215171,horizon,1
1.5879135018325086,4.288442544032453,0.5836598973624489,horizon,1
1.5892247744684174,4.29189666622436,0.5843399306596309,horizon,1
1.5924898969381938,4.300496656198777,0.5860120573944421,horizon,1
1.5932052998897535,4.302380777865135,0.5863744101178046,horizon,1
1.5971858253110893,4.312862944420968,0.5883643715487873,horizon,1
1.5980838696219044,4.31522755131975,0.5888072208215956,horizon,1
1.5999999999999999,4.320272510647266,0.5897446482397144,horizon,1
1.6011663507324254,4.323343161635808,0.5903103012785886,horizon,1
1.6049216818438492,4.333228680009716,0.592106212460004,horizon,1
1.6051468761537615,4.333821425257861,0.5922126841376408,horizon,1
1.6091274015750976,4.344297731039592,0.5940720033010964,horizon,1
1.6131079269964337,4.354772074737738,0.5958887401378921,horizon,1
1.613279905708389,4.355224574767333,0.5959662800404875,horizon,1
1.6170884524177698,4.3652444521133145,0.5976633740681898,horizon,1
1.6210689778391056,4.375714858931625,0.5993963824288636,horizon,1
1.6234966101018742,4.382099553628362,0.6004330734026395,horizon,1
1.6250495032604417,4.38618329096226,0.6010882403466683,horizon,1
1.6290300286817778,4.396649743979114,0.6027394206187875,horizon,1
1.633010554103114,4.407114213760388,0.604350393600432,horizon,1
1.6359850347188185,4.414932578314056,0.6055282378922587,horizon,1
1.63699107952445,4.417576696088596,0.605921627099195,horizon,1
1.6409716049457859,4.428037186750577,0.607453586275877,horizon,1
1.644952130367122,4.438495681537495,0.6089467335514952,horizon,1
1.648932655788458,4.448952176244858,0.6104015285202261,horizon,1
1.6512503045559839,4.45503951538688,0.6112310934458506,horizon,1
1.6529131812097941,4.45940666667251,0.6118184278680092,horizon,1
1.6568937066311302,4.469859148624649,0.6131978852965845,horizon,1
1.6608742320524663,4.480309617909833,0.6145403514527132,horizon,1
1.6648547574738022,4.4907580703409815,0.6158462738623665,horizon,1
1.6688352828951383,4.501204501735392,0.6171160968696647,horizon,1
1.669909860933119,4.504024261285203,0.6174527660119483,horizon,1
1.6728158083164744,4.5116489079147355,0.6183502615803504,horizon,1
1.6767963337378105,4.522091284705075,0.6195492058096084,horizon,1
1.6807768591591463,4.532531627936863,0.6207133640347985,horizon,1
1.6842105263157894,4.541536004052186,0.6216899710027411,horizon,1
1.6847573845804824,4.542969933444957,0.6218431673483069,horizon,1
1.6887379100018185,4.553406197068621,0.6229390434222303,horizon,1
1.6927184354231546,4.563840414651533,0.6240014164677581,horizon,1
1.6963838111786678,4.573446712124588,0.6249504114562946,horizon,1
1.7010667202502445,4.585717248886158,0.6261225587171524,horizon,1
1.7057496293218213,4.597984936054246,0.6272501237238876,horizon,1
1.7104325383933978,4.610249766891456,0.6283337731011157,horizon,1
1.7151154474649746,4.622511734668929,0.6293741665790519,horizon,1
1.7197983565365513,4.634770832666338,0.6303719569547868,horizon,1
1.7236336060437658,4.644808752823802,0.6311578546448061,horizon,1
1.724481265608128,4.6470270541719225,0.6313277900603272,horizon,1
1.7291641746797048,4.6592803924824935,0.6322423047370472,horizon,1
1.7338470837512816,4.6715308409034515,0.6331161328161827,horizon,1
1.7385299928228581,4.683778392748803,0.6339498991050354,horizon,1
1.743212901894435,4.696023041341173,0.6347442213785626,horizon,1
1.7458495517728885,4.702915948415116,0.6351743275949681,horizon,1
1.7478958109660117,4.708264780011824,0.6354997103760577,horizon,1
1.7525787200375884,4.720503602100666,0.6362169698026052,horizon,1
1.7572616291091652,4.732739500956279,0.6368965963350582,horizon,1
1.761944538180742,4.744972469935918,0.6375391796322629,horizon,1
1.7639615503065538,4.750240522582423,0.6378046837018233,horizon,1
1.7666274472523185,4.757202502405537,0.6381453023492679,horizon,1
1.768421052631579,4.761885959428562,0.6383679185788333,horizon,1
1.7713103563238952,4.769429591739799,0.638715540155301,horizon,1
1.775993265395472,4.781653731322096,0.6392504617552631,horizon,1
1.7787277229864524,4.788790318964067,0.6395467069592353,horizon,1
1.7806761744670487,4.7938749145445545,0.6397506289145333,horizon,1
1.7853590835386255,4.8060931348080596,0.6402165964868811,horizon,1
1.790041992610202,4.818308385522262,0.6406489124450043,horizon,1
1.790766143550992,4.820197049538146,0.640712795029178,horizon,1
1.7917558330836887,4.822778151796274,0.640798825834073,horizon,1
1.7927455226163853,4.825359121018253,0.6410650284900654,horizon,1
1.7937352121490822,4.82793995714204,0.6424369879988748,horizon,1
1.7947249016817788,4.830520660105604,0.6449723358801013,horizon,1
1.795895628949673,4.833573262960552,0.6493616813438493,horizon,1
1.797066356217567,4.836625679293868,0.6551360525055789,horizon,1
1.7982370834854613,4.8396779090029725,0.6621739577016729,horizon,1
1.7994078107533555,4.842729951985318,0.6703606694688412,horizon,1
1.7997010353402518,4.84349434845911,0.6725781856674728,horizon,1
1.7999942599271483,4.844258733211113,0.6748593058508034,horizon,1
1.8002874845140449,4.845023106239719,0.6772024138565671,horizon,1
1.8005807091009411,4.845787467543314,0.6796059170769302,horizon,1
1.8014582117819389,4.848074821943566,0.6871439496261079,horizon,1
1.8023357144629366,4.850362071281423,0.6951680967244612,horizon,1
1.8032132171439343,4.852649215513759,0.703639290600884,horizon,1
1.8040907198249323,4.8549362545974555,0.7125201759584805,horizon,1
1.8052135978503951,4.857862663084717,0.7244252141665058,horizon,1
1.8063364758758578,4.860788899235372,0.7368717395415675,horizon,1
1.8074593539013204,4.863714962959155,0.749792782384923,horizon,1
1.808582231926783,4.866640854165833,0.7631252490805753,horizon,1
1.8086300811692144,4.866765531441263,0.7637016141221677,horizon,1
1.808677930411646,4.866890208403255,0.7642786134105065,horizon,1
1.8087257796540777,4.867014885051801,0.7648562425083255,horizon,1
1.808773628896509,4.8671395613868915,0.7654344969877671,horizon,1
1.8099443561644033,4.870189919219618,0.7797655307308509,horizon,1
1.8111150834322975,4.87324008930204,0.7944060495676283,horizon,1
1.8122858107001916,4.876290071531992,0.8092973879577323,horizon,1
1.8134565379680858,4.8793398658073475,0.8243846100183676,horizon,1
1.8138688122378235,4.880413813029327,0.8297345492499042,horizon,1
1.814281086507561,4.881487736925707,0.8351002334603902,horizon,1
1.8146933607772984,4.882561637492031,0.8404795702796062,horizon,1
1.815105635047036,4.883635514723843,0.8458705172756966,horizon,1
1.8158640880451926,4.885611044926049,0.8558118341806464,horizon,1
1.8166225410433492,4.887586496111531,0.8657737419184262,horizon,1
1.8173809940415058,4.889561868252555,0.8757447851704773,horizon,1
1.8181394470396623,4.891537161321395,0.8857140245167392,horizon,1
1.8187105780843047,4.8930245463013025,0.8932135385923191,horizon,1
1.8192817091289473,4.894511886416516,0.9007018227986818,horizon,1
1.8198528401735898,4.895999181655199,0.9081747513984447,horizon,1
1.8204239712182324,4.8974864320055245,0.915628345954054,horizon,1
1.821023567441484,4.899047758619531,0.9234284313082461,horizon,1
1.8216231636647358,4.90060903573248,0.9311987105098458,horizon,1
1.8222227598879874,4.902170263330691,0.9389350774544556,horizon,1
1.822822356111239,4.903731441400483,0.9466335870018971,horizon,1
1.8233067301374284,4.9049925774569125,0.9528224640558303,horizon,1
1.8237911041636174,4.906253681175195,0.9589822358571876,horizon,1
1.8242754781898065,4.907514752548122,0.96511104143019,horizon,1
1.8247598522159958,4.90877579156849,0.9712070818755019,horizon,1
1.8254462054577008,4.910562616069728,0.9797856253636761,horizon,1
1.8261325586994057,4.912349375576545,0.9882901587753773,horizon,1
1.826818911941111,4.914136070068447,0.9967161717412109,horizon,1
1.8275052651828159,4.915922699524942,1.0050593784370117,horizon,1
1.827702640583942,4.916436470595499,1.0074427341526595,horizon,1
1.8279000159850682,4.916950236285633,1.0098188107593353,horizon,1
1.8280973913861944,4.917463996594853,1.0121875161927714,horizon,1
1.8282947667873206,4.917977751522671,1.0145487598019127,horizon,1
1.8290152444153396,4.919853060771576,1.0231032418376709,horizon,1
1.8297357220433585,4.921728298285176,1.031552941511658,horizon,1
1.8304561996713775,4.923603464039789,1.0398939107480283,horizon,1
1.8311766772993965,4.925478558011738,1.0481224314717932,horizon,1
1.8314295515381454,4.926136664075873,1.0509831732305996,horizon,1
1.8316824257768944,4.92679476129331,1.0538294852955574,horizon,1
1.8319353000156435,4.9274528496630285,1.0566612260719515,horizon,1
1.8321881742543926,4.928110929184,1.0594782571427779,horizon,1
1.8325226839560496,4.928981443108621,1.0631818820556782,horizon,1
1.8328571936577065,4.929851941544842,1.0668592255469715,horizon,1
1.8331917033593634,4.930722424490298,1.0705099921364885,horizon,1
1.8335262130610206,4.931592891942621,1.0741338955338686,horizon,1
1.8340050896840125,4.932839006749007,1.0792744894148518,horizon,1
1.8344839663070043,4.934085089791739,1.0843586810582642,horizon,1
1.834962842929996,4.935331141063877,1.089385725135808,horizon,1
1.835441719552988,4.936577160558475,1.094354911949051,horizon,1
1.8357990604962333,4.937506927942579,1.0980248537147403,horizon,1
1.8361564014394787,4.9384366776254245,1.1016619345738499,horizon,1
1.836513742382724,4.939366409604126,1.1052658968070617,horizon,1
1.8368710833259694,4.940296123875801,1.1088364928575496,horizon,1
1.8369041562232686,4.940382170619835,1.1091652660127935,horizon,1
1.8369372291205677,4.940468217212165,1.1094937511266705,horizon,1
1.8369703020178667,4.9405542636527855,1.109821948015822,horizon,1
1.8370033749151657,4.940640309941696,1.1101498564976153,horizon,1
1.8373216676853086,4.941468409605551,1.1132908600391467,horizon,1
1.8376399604554514,4.942296495215618,1.116404975880808,horizon,1
1.8379582532255943,4.943124566769856,1.1194920512516624,horizon,1
1.8382765459957369,4.943952624266229,1.122551939315224,horizon,1
1.8385360406063374,4.94462770446372,1.1250263590435416,horizon,1
1.838795535216938,4.945302775314977,1.1274825409093008,horizon,1
1.8390550298275385,4.945977836818895,1.1299204138432337,horizon,1
1.839314524438139,4.946652888974372,1.1323399092432278,horizon,1
1.839526082661408,4.947203231962349,1.1342988069422397,horizon,1
1.8397376408846768,4.947753568735409,1.1362454110434383,horizon,1
1.8399491991079457,4.948303899292951,1.1381796879314232,horizon,1
1.8401607573312146,4.948854223634383,1.1401016050310966,horizon,1
1.840333234446362,4.9493028820705405,1.1416593189837663,horizon,1
1.8405057115615095,4.949751536374341,1.1432087802301392,horizon,1
1.840678188676657,4.950200186545462,1.1447499726206791,horizon,1
1.8408506657918045,4.950648832583577,1.1462828804476617,horizon,1
1.8409912812440896,4.951014597270607,1.1475264735910717,horizon,1
1.8411318966963746,4.951380359210179,1.1487645420517798,horizon,1
1.8412725121486595,4.95174611840212,1.149997077958429,horizon,1
1.8414131276009447,4.9521118748462545,1.1512240736282966,horizon,1
1.841448343800095,4.952203475670089,1.1515304980947545,horizon,1
1.8414835599992454,4.952295076321563,1.151836574480355,horizon,1
1.8415187761983958,4.952386676800672,1.152167669138018,horizon,1
1.8415539923975461,4.952478277107414,1.1529879467354902,horizon,1
1.8416334157864038,4.952684863413559,1.157137699564127,horizon,1
1.8417128391752617,4.952891448842927,1.1641991605833786,horizon,1
1.8417922625641197,4.95309803339549,1.1738539995089974,horizon,1
1.8418716859529773,4.953304617071213,1.1858051108948398,horizon,1
1.8419651481929027,4.953547715283784,1.2024351036429548,horizon,1
1.842058610432828,4.953790812282046,1.2214441683129258,horizon,1
1.8421520726727532,4.954033908065947,1.2424484237138251,horizon,1
1.8422455349126785,4.954277002635438,1.2650958438360003,horizon,1
1.842321731891782,4.954475189495239,1.2845508243285295,horizon,1
1.8423979288708852,4.954673375547799,1.3047224082474869,horizon,1
1.8424741258499884,4.954871560793091,1.3254613704527338,horizon,1
1.8425503228290916,4.955069745231088,1.3466294755892143,horizon,1
1.842612443955539,4.955231318500241,1.3641156551897637,horizon,1
1.8426745650819862,4.955392891232778,1.3817374840428915,horizon,1
1.8427366862084336,4.955554463428685,1.3994346703197464,horizon,1
1.842798807334881,4.9557160350879474,1.417150868734354,horizon,1
1.8428494528381085,4.955847759249911,1.4315717969472528,horizon,1
1.8429000983413362,4.955979483055172,1.4459436268510704,horizon,1
1.8429507438445636,4.956111206503712,1.460241163680349,horizon,1
1.843001389347791,4.95624292959553,1.4744406788245292,horizon,1
1.8430426791173726,4.9563503192430645,1.4859290450990343,horizon,1
1.8430839688869542,4.9564577086534864,1.4973259739909655,horizon,1
1.8431252586565359,4.956565097826792,1.5086206189067544,horizon,1
1.8431665484261173,4.956672486762976,1.5198026937794895,horizon,1
1.8432002107448515,4.956760037587069,1.5288290249883831,horizon,1
1.8432338730635858,4.956847588253551,1.5377690276838059,horizon,1
1.84326753538232,4.956935138762418,1.5466179064164784,horizon,1
1.8433011977010543,4.9570226891136695,1.5553710852916462,horizon,1
1.8433286415864054,4.957094066189473,1.5624334404939502,horizon,1
1.8433560854717563,4.9571654431605126,1.5694270226394964,horizon,1
1.8433835293571073,4.957236820026785,1.5763496601483822,horizon,1
1.8434109732424584,4.957308196788291,1.5831992692079577,horizon,1
1.843433347424377,4.9573663880574435,1.5887281225255985,horizon,1
1.8434557216062954,4.957424579256959,1.5942060654324737,horizon,1
1.843478095788214,4.9574827703868385,1.5996320929436543,horizon,1
1.8435004699701325,4.957540961447077,1.6050052357680367,horizon,1
1.8435187109739162,4.957588402832909,1.6093460161642534,horizon,1
1.8435369519776996,4.957635844172452,1.613650534998896,horizon,1
1.8435551929814833,4.957683285465708,1.6179183179010737,horizon,1
1.843573433985267,4.957730726712677,1.622148905226537,horizon,1
1.8435883053320827,4.957769404113363,1.6255701439031123,horizon,1
1.8436031766788987,4.957808081483284,1.6289661296391311,horizon,1
1.8436180480257147,4.957846758822437,1.6323366344756327,horizon,1
1.8436329193725305,4.957885436130823,1.6356814366024657,horizon,1
1.843645043538434,4.957916968565027,1.6383891849193826,horizon,1
1.8436571677043374,4.957948500978782,1.6410795920702206,horizon,1
1.8436692918702409,4.957980033372087,1.643752546719314,horizon,1
1.8436814160361443,4.9580115657449415,1.6464079401238112,horizon,1
1.843691300507314,4.958037273133755,1.648559734669962,horizon,1
1.8437011849784837,4.958062980508976,1.6506997299570603,horizon,1
1.8437110694496535,4.958088687870605,1.6528278708128978,horizon,1
1.843720953920823,4.95811439521864,1.6549441031658434,horizon,1
1.8437290124356176,4.958135353643375,1.656660555607682,horizon,1
1.843737070950412,4.958156312059075,1.6583690294703801,horizon,1
1.8437451294652063,4.95817727046574,1.6600694970552998,horizon,1
1.8437531879800009,4.95819822886337,1.661761931133,horizon,1
1.8437597578469749,4.958215315613729,1.6631357590707792,horizon,1
1.8437663277139487,4.95823240235808,1.6645042153501173,horizon,1
1.8437728975809224,4.958249489096427,1.6658672859009136,horizon,1
1.8437794674478964,4.958266575828769,1.6672249568645343,horizon,1
1.843784823664663,4.958280506128031,1.6683278205259655,horizon,1
1.8437901798814296,4.958294436423302,1.6694638482656454,horizon,1
1.8437955360981961,4.958308366714582,1.6750222375236317,horizon,1
1.8438008923149627,4.958322297001869,1.6872066550537659,horizon,1
1.843805259078881,4.9583336539470295,1.7012910631344464,horizon,1
1.8438096258427992,4.958345010889536,1.7185295469844946,horizon,1
1.8438139926067176,4.958356367829389,1.7384348100862739,horizon,1
1.8438183593706359,4.95836772476659,1.7605606967209642,horizon,1
1.843821919463132,4.958376983737098,1.7799581443657384,horizon,1
1.8438254795556281,4.958386242705842,1.800356639883775,horizon,1
1.8438290396481243,4.958395501672824,1.821567887139089,horizon,1
1.8438325997406204,4.958404760638041,1.843417691981833,horizon,1
1.8438355021779445,4.958412309195168,1.861591570640583,horizon,1
1.8438384046152683,4.958419857751123,1.8800017329922751,horizon,1
1.843841307052592,4.958427406305905,1.8985724893826266,horizon,1
1.8438442094899161,4.9584349548595155,1.9172331862942709,horizon,1
1.8438465757605758,4.958441108969465,1.932467370623329,horizon,1
1.8438489420312354,4.958447263078636,1.9476840489629585,horizon,1
1.843851308301895,4.9584534171870285,1.962851730794158,horizon,1
1.8438536745725547,4.958459571294641,1.977940787614053,horizon,1
1.8438556037225102,4.958464588554613,1.9901648778940302,horizon,1
1.843857532872466,4.958469605814067,2.0023039334243995,horizon,1
1.8438594620224216,4.958474623073004,2.0143444485311828,horizon,1
1.8438613911723771,4.958479640331422,2.0262736265495884,horizon,1
1.8438629639508486,4.9584837307523175,2.035908312508192,horizon,1
1.84386453672932,4.958487821172867,2.045454698235737,horizon,1
1.8438661095077915,4.958491911593075,2.054906832295328,horizon,1
1.8438676822862632,4.958496002012938,2.06425903996151,horizon,1
1.8438689645256834,4.958499336810104,2.071805911719684,horizon,1
1.8438702467651036,4.958502671607044,2.079279967792889,horizon,1
1.8438715290045238,4.958506006403755,2.086678520828991,horizon,1
1.843872811243944,4.9585093412002355,2.093998993767316,horizon,1
1.8438738566155335,4.958512059960263,2.099907662371381,horizon,1
1.8438749019871228,4.958514778720138,2.105761504437684,horizon,1
1.843875947358712,4.958517497479861,2.1115592793941897,horizon,1
1.8438769927303016,4.9585202162394335,2.1172997914217686,horizon,1
1.8438778449906073,4.958522432762982,2.1219366857914097,horizon,1
1.8438786972509127,4.95852464928643,2.126534150009471,horizon,1
1.8438795495112181,4.958526865809776,2.131091599795564,horizon,1
1.8438804017715238,4.958529082333022,2.1356084692755206,horizon,1
1.8438810965939543,4.958530889398299,2.139260529323473,horizon,1
1.8438817914163845,4.958532696463508,2.1428849646290087,horizon,1
1.8438824862388148,4.958534503528649,2.1464814949522526,horizon,1
1.8438831810612453,4.9585363105937255,2.1500498477341115,horizon,1
1.8438837475292675,4.958537783839982,2.152937984694074,horizon,1
1.8438843139972898,4.958539257086194,2.1558070768385775,horizon,1
1.843884880465312,4.958540730332362,2.158656987525164,horizon,1
1.8438854469333343,4.958542203578484,2.161487583347652,horizon,1
1.8438904469333344,4.958555207365509,2.1856151165379494,horizon,1
1.8439004469333344,4.958581214929122,2.2290303324543,outer_boundary,2
1.8439054469333345,4.95859421870571,2.2482101293214285,outer_boundary,2
1.8439060134013567,4.9585956919502125,2.2502742887655556,outer_boundary,2
1.843906579869379,4.95859716519467,2.252316165604869,outer_boundary,2
1.8439071463374013,4.958598638439082,2.2543357280869785,outer_boundary,2
1.8439077128054235,4.95860011168345,2.2563329432665253,outer_boundary,2
1.843908407627854,4.958601918746086,2.2587521354027076,outer_boundary,2
1.8439091024502843,4.958603725808657,2.261137611380437,outer_boundary,2
1.8439097972727145,4.958605532871157,2.2634893305901223,outer_boundary,2
1.843910492095145,4.958607339933592,2.2658072473594393,outer_boundary,2
1.8439113443554507,4.95860955645317,2.2686041623308815,outer_boundary,2
1.8439121966157561,4.958611772972645,2.271350109742995,outer_boundary,2
1.8439130488760616,4.95861398949202,2.274045041717876,outer_boundary,2
1.8439139011363672,4.9586162060112935,2.2766889197391458,outer_boundary,2
1.8439149465079567,4.958618924765345,2.279862102191169,outer_boundary,2
1.843915991879546,4.958621643519243,2.2829583965166647,outer_boundary,2
1.8439170372511353,4.958624362272989,2.2859777793235514,outer_boundary,2
1.8439180826227248,4.958627081026584,2.2889202555676005,outer_boundary,2
1.843919364862145,4.95863041581476,2.292424472263313,outer_boundary,2
1.8439206471015652,4.958633750602707,2.295813101768495,outer_boundary,2
1.8439219293409854,4.958637085390426,2.2990862538992918,outer_boundary,2
1.8439232115804056,4.958640420177915,2.302244095733336,outer_boundary,2
1.8439247843588773,4.958644510585284,2.3059602949628557,outer_boundary,2
1.8439263571373488,4.958648600992306,2.309503751449703,outer_boundary,2
1.8439279299158202,4.958652691398983,2.3128749903225807,outer_boundary,2
1.8439295026942917,4.958656781805318,2.316074616653898,outer_boundary,2
1.8439314318442472,4.958661799044937,2.3197658974492192,outer_boundary,2
1.8439333609942028,4.958666816284038,2.323201417692461,outer_boundary,2
1.8439352901441586,4.958671833522621,2.326382741019147,outer_boundary,2
1.8439372192941141,4.958676850760687,2.329311580636943,outer_boundary,2
1.8439395855647738,4.958683004840015,2.332562015533832,outer_boundary,2
1.8439419518354334,4.958689158918563,2.335439088350543,outer_boundary,2
1.843944318106093,4.958695312996334,2.3379467908672535,outer_boundary,2
1.8439466843767527,4.958701467073325,2.3400893862640215,outer_boundary,2
1.8439495868140767,4.958709015584381,2.3422255483297993,outer_boundary,2
1.8439524892514005,4.9587165640942645,2.3438280272157903,outer_boundary,2
1.8439553916887244,4.958724112602976,2.3449061380192235,outer_boundary,2
1.8439582941260484,4.958731661110516,2.345469641088326,outer_boundary,2
1.8439618542185445,4.958740920011709,2.345473072754106,outer_boundary,2
1.8439654143110407,4.958750178911139,2.344737128633828,outer_boundary,2
1.8439689744035368,4.958759437808806,2.3432820854785836,outer_boundary,2
1.843972534496033,4.958768696704708,2.3411288733318028,outer_boundary,2
1.8439769012599512,4.958780053545583,2.337565998374576,outer_boundary,2
1.8439812680238696,4.958791410383807,2.333025741604928,outer_boundary,2
1.8439856347877879,4.958802767219375,2.32754964369638,outer_boundary,2
1.8439900015517061,4.9588141240522905,2.321179943604583,outer_boundary,2
1.8439953577684727,4.958828054194655,2.3122095327558942,outer_boundary,2
1.8440007139852392,4.958841984333028,2.30203865999771,outer_boundary,2
1.8440060702020058,4.95885591446741,2.2907473926436888,outer_boundary,2
1.8440114264187724,4.958869844597799,2.278415805890031,outer_boundary,2
1.8440179962857464,4.958886931112102,2.261986683123808,outer_boundary,2
1.8440245661527201,4.958904017620398,2.244258705025863,outer_boundary,2
1.844031136019694,4.958921104122689,2.2253762093836063,outer_boundary,2
1.844037705886668,4.958938190618976,2.2054811249346233,outer_boundary,2
1.8440457644014625,4.958959148688562,2.179899321517725,outer_boundary,2
1.8440538229162569,4.958980106749112,2.1542512476935243,outer_boundary,2
1.8440618814310512,4.959001064800628,2.127936944476008,outer_boundary,2
1.8440699399458458,4.959022022843107,2.100143022055886,outer_boundary,2
1.8440798244170153,4.959047729697596,2.0644990157956973,outer_boundary,2
1.8440897088881851,4.959073436538491,2.0276952445195335,outer_boundary,2
1.844099593359355,4.95909914336579,1.9903222978607311,outer_boundary,2
1.8441094778305245,4.959124850179494,1.9529821075376501,outer_boundary,2
1.844121601996428,4.959156381809799,1.908142652500723,outer_boundary,2
1.8441337261623314,4.959187913419651,1.8655105551565538,outer_boundary,2
1.8441458503282349,4.959219445009048,1.8264265805441453,outer_boundary,2
1.8441579744941383,4.95925097657799,1.7924209161315394,outer_boundary,2
1.844172845840954,4.9592896527692,1.7603537456488172,outer_boundary,2
1.84418771718777,4.959328328929636,1.7430242709930144,outer_boundary,2
1.844202588534586,4.959367005059296,1.7427926930951845,outer_boundary,2
1.8442174598814018,4.959405681158182,1.7450102269180703,outer_boundary,2
1.8442357008851855,4.959453120724341,1.7476887703867823,outer_boundary,2
1.8442539418889692,4.959500560244196,1.7503215944764285,outer_boundary,2
1.8442721828927526,4.95954799971775,1.7529086568142116,outer_boundary,2
1.8442904238965363,4.959595439145001,1.755449922851723,outer_boundary,2
1.8443127980784548,4.959653627676434,1.7585044310388005,outer_boundary,2
1.8443351722603734,4.959711816138204,1.761489963394353,outer_boundary,2
1.8443575464422919,4.959770004530307,1.7644065022271318,outer_boundary,2
1.8443799206242104,4.9598281928527435,1.7672540440527182,outer_boundary,2
1.8444073645095616,4.95989956580962,1.7706526064404124,outer_boundary,2
1.8444348083949125,4.959970938661678,1.7739474408544504,outer_boundary,2
1.8444622522802634,4.96004231140892,1.7771386374664724,outer_boundary,2
1.8444896961656145,4.9601136840513425,1.7802263190666814,outer_boundary,2
1.8445233584843488,4.960201228678466,1.783872504755682,outer_boundary,2
1.844557020803083,4.960288773147885,1.7873635342594159,outer_boundary,2
1.8445906831218173,4.960376317459594,1.7906998243436103,outer_boundary,2
1.8446243454405515,4.960463861613592,1.7938818567514572,outer_boundary,2
1.844665635210133,4.960571241937735,1.7975750553944598,outer_boundary,2
1.8447069249797146,4.960678622024592,1.8010381234671469,outer_boundary,2
1.8447482147492962,4.9607860018741565,1.8042723215336156,outer_boundary,2
1.8447895045188778,4.960893381486427,1.8072790351424013,outer_boundary,2
1.8448401500221052,4.961025091621288,1.8106586096248816,outer_boundary,2
1.8448907955253326,4.961156801399119,1.8137012112038575,outer_boundary,2
1.8449414410285603,4.961288510819914,1.8164100922794506,outer_boundary,2
1.8449920865317877,4.961420219883661,1.8187887334531072,outer_boundary,2
1.8450542076582352,4.961581772048974,1.8212608282131733,outer_boundary,2
1.8451163287846826,4.961743323677077,1.8232488722106286,outer_boundary,2
1.84517844991113,4.9619048747679555,1.8247605137328293,outer_boundary,2
1.8452405710375772,4.962066425321596,1.8258037870708277,outer_boundary,2
1.8453167680166804,4.96226458043063,1.826456221381794,outer_boundary,2
1.8453929649957836,4.96246273473133,1.82643275991895,outer_boundary,2
1.8454691619748869,4.962660888223666,1.8257501993457899,outer_boundary,2
1.8455453589539903,4.96285904090761,1.8244259021089269,outer_boundary,2
1.8456388211939156,4.963102091351203,1.8219514949002749,outer_boundary,2
1.8457322834338408,4.963345140578464,1.8185723646832939,outer_boundary,2
1.8458257456737661,4.963588188589342,1.8143232012694552,outer_boundary,2
1.8459192079136915,4.963831235383786,1.8092393594992497,outer_boundary,2
1.8459986313025492,4.964037773454351,1.8042898977316022,outer_boundary,2
1.846078054691407,4.964244310646404,1.7987858168967863,outer_boundary,2
1.846157478080265,4.964450846959915,1.7927495026203033,outer_boundary,2
1.8462369014691227,4.96465738239485,1.7862034373811215,outer_boundary,2
1.846272117668273,4.964748959583672,1.7831436734523303,outer_boundary,2
1.8463073338674234,4.964840536599755,1.7799900856998525,outer_boundary,2
1.8463425500665738,4.964932113443096,1.7767446389816857,outer_boundary,2
1.8463777662657241,4.965023690113694,1.7734092963632744,outer_boundary,2
1.8465183817180093,4.965389346675827,1.7592344653414296,outer_boundary,2
1.8466589971702942,4.965755000483612,1.7437819592998092,outer_boundary,2
1.8467996126225792,4.966120651536875,1.7271749341428806,outer_boundary,2
1.8469402280748644,4.966486299835441,1.709534869119224,outer_boundary,2
1.8471127051900118,4.96693479559948,1.6866622789282895,outer_boundary,2
1.8472851823051593,4.967383287218446,1.6626302466214296,outer_boundary,2
1.8474576594203067,4.967831774692016,1.6383634336451713,outer_boundary,2
1.8476301365354542,4.968280258019864,1.613890182588327,outer_boundary,2
1.847841694758723,4.968830356271542,1.5820493489690561,outer_boundary,2
1.848053252981992,4.969380448284833,1.5486596063062508,outer_boundary,2
1.8482648112052609,4.969930534059142,1.5142062895326442,outer_boundary,2
1.8484763694285298,4.970480613593874,1.4791754076251054,outer_boundary,2
1.8487358640391303,4.971155325593715,1.4361415551329373,outer_boundary,2
1.8489953586497307,4.971830028204011,1.3939136676937243,outer_boundary,2
1.8492548532603315,4.9725047214236655,1.353476194419657,outer_boundary,2
1.849514347870932,4.9731794052515745,1.3158950931516835,outer_boundary,2
1.8498326406410746,4.974006950978419,1.275463946575645,outer_boundary,2
1.8501509334112174,4.974834482571547,1.2437433105370859,outer_boundary,2
1.8504692261813602,4.975662000028931,1.22405050423025,outer_boundary,2
1.850787518951503,4.9764895033485415,1.220283990754314,outer_boundary,2
1.850820591848802,4.976575486056175,1.2204828247751918,outer_boundary,2
1.8508536647461011,4.976661468611144,1.22068134395466,outer_boundary,2
1.8508867376434002,4.976747451013445,1.2208795484179884,outer_boundary,2
1.8509198105406994,4.976833433263076,1.221077438260358,outer_boundary,2
1.8512771514839448,4.977762431284765,1.223195507374026,outer_boundary,2
1.8516344924271901,4.978691411480564,1.225276885401502,outer_boundary,2
1.8519918333704355,4.9796203738476015,1.227321617938369,outer_boundary,2
1.8523491743136808,4.980549318383009,1.2293297552396574,outer_boundary,2
1.8524197754721028,4.980732851246027,1.2297221855195006,outer_boundary,2
1.8524903766305245,4.980916383412848,1.230113189935902,outer_boundary,2
1.8525609777889465,4.9810999148834485,1.2305027688121521,outer_boundary,2
1.8526315789473684,4.981283445657807,1.2308909226963722,outer_boundary,2
1.8530398544119384,4.982344761785163,1.2331076310898583,outer_boundary,2
1.8534481298765084,4.983406054624263,1.23527679276843,outer_boundary,2
1.8538564053410784,4.984467324170826,1.237398507213812,outer_boundary,2
1.8542646808056482,4.9855285704205725,1.239472880642581,outer_boundary,2
1.8545991905073054,4.986398057095541,1.2411372588523006,outer_boundary,2
1.8549337002089623,4.987267528126342,1.2427699980663576,outer_boundary,2
1.8552682099106192,4.988136983510621,1.2443711663647257,outer_boundary,2
1.8556027196122762,4.989006423246026,1.245940834291444,outer_boundary,2
1.8558555938510253,4.989663670062279,1.2471065698758412,outer_boundary,2
1.8561084680897744,4.990320907933344,1.2482543785560767,outer_boundary,2
1.8563613423285235,4.990978136858208,1.2493842937787145,outer_boundary,2
1.8566142165672723,4.99163535683585,1.250496349862412,outer_boundary,2
1.8573346941952913,4.993507828639627,1.25356715449366,outer_boundary,2
1.8580551718233103,4.995380227781031,1.2564941208049176,outer_boundary,2
1.8587756494513292,4.997252554236575,1.259278146026023,outer_boundary,2
1.8594961270793482,4.999124807982783,1.2619201749179978,outer_boundary,2
1.8596935024804744,4.999637700647738,1.2626193123023952,outer_boundary,2
1.8598908778816006,5.000150587853684,1.2633078880083968,outer_boundary,2
1.8600882532827268,5.000663469600138,1.2639859231433734,outer_boundary,2
1.860285628683853,5.001176345886616,1.264653439135175,outer_boundary,2
1.860971981925558,5.002959779429974,1.2668930787717778,outer_boundary,2
1.861658335167263,5.004743146923504,1.2690067125142326,outer_boundary,2
1.862344688408968,5.006526448346924,1.2709953028558094,outer_boundary,2
1.863031041650673,5.008309683679959,1.2728598424896074,outer_boundary,2
1.8635154156768623,5.009568110850836,1.2741015770418933,outer_boundary,2
1.8639997897030514,5.010826505088676,1.2752824042877908,outer_boundary,2
1.8644841637292404,5.01208486638636,1.2764026978587077,outer_boundary,2
1.8649685377554297,5.013343194736763,1.2774628375691384,outer_boundary,2
1.8655681339786814,5.014900806780029,1.2786924193001035,outer_boundary,2
1.866167730201933,5.016458368312334,1.27983116016616,outer_boundary,2
1.8667673264251847,5.018015879320171,1.2808798168656295,outer_boundary,2
1.8673669226484364,5.019573339790042,1.2818391582428743,outer_boundary,2
1.867938053693079,5.021056814509502,1.282670614201694,outer_boundary,2
1.8685091847377213,5.022540243351653,1.283422425307601,outer_boundary,2
1.8690803157823637,5.024023626304834,1.2840952835755484,outer_boundary,2
1.8696514468270062,5.025506963357388,1.2846898890872267,outer_boundary,2
1.8726852588196328,5.033385586010661,1.2865657557643426,outer_boundary,2
1.874334355898583,5.0376676453184395,1.2867062676553824,outer_boundary,2
1.8790172649701598,5.049825234198902,1.2839164466804394,outer_boundary,2
1.8790651142125911,5.0499494425804965,1.2838645884588187,outer_boundary,2
1.8791129634550228,5.050073650638484,1.2838122730040111,outer_boundary,2
1.8791608126974544,5.050197858372857,1.283759500773375,outer_boundary,2
1.8792086619398858,5.050322065783608,1.283706272224623,outer_boundary,2
1.8803315399653484,5.0532367477880324,1.2823272734782734,outer_boundary,2
1.881454417990811,5.056151251482225,1.2807031609892707,outer_boundary,2
1.8825772960162737,5.059065576777904,1.2788398749584318,outer_boundary,2
1.8837001740417365,5.061979723586814,1.276743362045817,outer_boundary,2
1.8845776767227345,5.06425693625459,1.2749464775094246,outer_boundary,2
1.8854551794037322,5.066534039823563,1.2730136272318067,outer_boundary,2
1.88633268208473,5.068811034251653,1.2709476425725446,outer_boundary,2
1.8872101847657277,5.0710879194967875,1.2687513491405622,outer_boundary,2
1.887503409352624,5.0718487346906915,1.2679888819284806,outer_boundary,2
1.8877966339395205,5.072609537686787,1.2672122839483095,outer_boundary,2
1.888089858526417,5.073370328483502,1.2664216600343376,outer_boundary,2
1.8883830831133133,5.074131107079272,1.2656171149008697,outer_boundary,2
1.8895538103812075,5.0771684669067465,1.2622682227641902,outer_boundary,2
1.8907245376491018,5.0802056321162805,1.2587057135321964,outer_boundary,2
1.8918952649169958,5.083242602608098,1.2549361821277667,outer_boundary,2
1.89306599218489,5.0862793782824545,1.2509661792801787,outer_boundary,2
1.8940556817175866,5.0888464040902575,1.247458529368024,outer_boundary,2
1.8950453712502835,5.091413290542505,1.2438161607114275,outer_boundary,2
1.8960350607829801,5.093980037578997,1.2400429428949367,outer_boundary,2
1.8970247503156767,5.096546645139554,1.2361427149771873,outer_boundary,2
1.8972057880508744,5.097016123562043,1.235415829305726,outer_boundary,2
1.8973868257860718,5.09748559731513,1.234684844393541,outer_boundary,2
1.8975678635212692,5.097955066398448,1.2339497833911706,outer_boundary,2
1.8977489012564668,5.0984245308116325,1.2332106694023421,outer_boundary,2
1.8989196285243608,5.101460330903769,1.2283347154810489,outer_boundary,2
1.900090355792255,5.104495935580728,1.2232964281189103,outer_boundary,2
1.9012610830601493,5.107531344743017,1.2181019361333782,outer_boundary,2
1.9024318103280433,5.110566558291175,1.2127572956003054,outer_boundary,2
1.9036025375959376,5.11360157612578,1.2072684875607798,outer_boundary,2
1.9047732648638318,5.1166363981474445,1.2016414158892004,outer_boundary,2
1.9059439921317258,5.1196710242568155,1.1958819054424343,outer_boundary,2
1.90711471939962,5.122705454354577,1.1899957004484307,outer_boundary,2
1.9076018322697692,5.12396795362642,1.1875106072202524,outer_boundary,2
1.9080889451399181,5.125230418940356,1.1850049654332584,outer_boundary,2
1.9085760580100672,5.126492850289241,1.18247917618151,outer_boundary,2
1.9090631708802164,5.127755247665921,1.1799336380395635,outer_boundary,2
1.9097467852779615,5.129526839345077,1.1763286801521717,outer_boundary,2
1.9104303996757066,5.131298364081048,1.1726866919155674,outer_boundary,2
1.9111140140734517,5.133069821854089,1.1690087495417578,outer_boundary,2
1.9117976284711968,5.1348412126444565,1.1652959192350907,outer_boundary,2
1.912968355739091,5.13787466119568,1.1588594894666882,outer_boundary,2
1.9141390830069853,5.140907913140146,1.1523290674136295,outer_boundary,2
1.9153098102748793,5.143940968378789,1.1457098017004812,outer_boundary,2
1.9164805375427736,5.146973826812579,1.139006753380595,outer_boundary,2
1.9176512648106678,5.150006488342523,1.1322248957451941,outer_boundary,2
1.9188219920785619,5.153038952869663,1.1253691142349957,outer_boundary,2
1.919992719346456,5.156071220295074,1.1184442065016924,outer_boundary,2
1.9211634466143503,5.159103290519869,1.1114548825288446,outer_boundary,2
1.9218299208507914,5.160829306112354,1.107448982925463,outer_boundary,2
1.9224963950872327,5.16255525774535,1.1034245470832627,outer_boundary,2
1.923162869323674,5.1642811454006265,1.099382406111839,outer_boundary,2
1.923829343560115,5.166006969059959,1.095323382026299,outer_boundary,2
1.924333596591568,5.167312681140241,1.0922416103650923,outer_boundary,2
1.924837849623021,5.168618356568336,1.0892199937619358,outer_boundary,2
1.925342102654474,5.169923995336355,1.0863466901630225,outer_boundary,2
1.9258463556859269,5.171229597436412,1.08345318999247,outer_boundary,2
1.9270170829538211,5.174260680176084,1.0766601345510018,outer_boundary,2
1.9281878102217154,5.177291565122571,1.0697667910462016,outer_boundary,2
1.9293585374896094,5.1803222521772385,1.0627790396090928,outer_boundary,2
1.9305292647575036,5.183352741241489,1.0557026660590785,outer_boundary,2
1.9316999920253979,5.186383032216757,1.0485433656232916,outer_boundary,2
1.932870719293292,5.189413125004513,1.0413067465780215,outer_boundary,2
1.9340414465611862,5.192443019506267,1.0339983336344767,outer_boundary,2
1.9352121738290804,5.1954727156235645,1.026623571148272,outer_boundary,2
1.9356196566875998,5.1965271838670395,1.0240421363076755,outer_boundary,2
1.9360271395461193,5.19758162806106,1.0214535385418317,outer_boundary,2
1.9364346224046387,5.198636048201479,1.0188580009730377,outer_boundary,2
1.936842105263158,5.199690444284148,1.0162557456209902,outer_boundary,2
1.9376053496725327,5.201665338479288,1.0113642272484609,outer_boundary,2
1.9383685940819075,5.2036401482285255,1.006451357420113,outer_boundary,2
1.9391318384912823,5.205614873504615,1.0015185663822708,outer_boundary,2
1.9398950829006572,5.207589514280321,0.9965672723367357,outer_boundary,2
1.940406647698938,5.208912970550726,0.9932390102566935,outer_boundary,2
1.9409182124972189,5.2102363888401335,0.9899034886616762,outer_boundary,2
1.9414297772954996,5.211559769140344,0.986561125892924,outer_boundary,2
1.9419413420937803,5.2128831114431655,0.9832123381028213,outer_boundary,2
1.9426005045633938,5.214588211006211,0.9788885472396154,outer_boundary,2
1.9432596670330071,5.216293247451488,0.9745556564495368,outer_boundary,2
1.9439188295026204,5.217998220761474,0.9702145404715915,outer_boundary,2
1.944577991972234,5.219703130918655,0.9658660683023472,outer_boundary,2
1.945748719240128,5.222731037151264,0.9581273624722823,outer_boundary,2
1.9469194465080222,5.225758744016843,0.9503729710725796,outer_boundary,2
1.9480901737759164,5.228786251417328,0.9426076419395595,outer_boundary,2
1.9492609010438104,5.231813559254698,0.9348360753666672,outer_boundary,2
1.9504316283117047,5.234840667430966,0.9270629267385018,outer_boundary,2
1.951602355579599,5.237867575848181,0.9192928091652305,outer_boundary,2
1.952773082847493,5.240894284408429,0.9115302960794939,outer_boundary,2
1.9539438101153872,5.243920793013833,0.9037799239993249,outer_boundary,2
1.9548681328448776,5.246310166972726,0.8976723184000294,outer_boundary,2
1.9557924555743682,5.248699416179538,0.8915772898447047,outer_boundary,2
1.9567167783038588,5.251088540586144,0.8854970287066799,outer_boundary,2
1.9576411010333492,5.253477540144434,0.8794337148265335,outer_boundary,2
1.9578875055717528,5.25411437490675,0.8778205040119099,outer_boundary,2
1.9581339101101567,5.254751200792507,0.8762086928072423,outer_boundary,2
1.9583803146485603,5.255388017800794,0.874598322185585,outer_boundary,2
1.958626719186964,5.256024825930698,0.8729894330733472,outer_boundary,2
1.9597313437037938,5.258879509472225,0.8657961217285859,outer_boundary,2
1.9608359682206236,5.26173401448429,0.8586370787716829,outer_boundary,2
1.9619405927374534,5.26458834088489,0.8515159648394112,outer_boundary,2
1.9630452172542832,5.267442488592044,0.8444364294854154,outer_boundary,2
1.9631113200053476,5.267613280341682,0.8440141749903274,outer_boundary,2
1.963177422756412,5.267784071451099,0.8435920831969126,outer_boundary,2
1.9632435255074765,5.26795486192028,0.8431701548882885,outer_boundary,2
1.9633096282585407,5.268125651749203,0.8427483908592895,outer_boundary,2
1.9635215431496311,5.268673172420826,0.8413973991387929,outer_boundary,2
1.9637334580407217,5.269220686511519,0.840048129393286,outer_boundary,2
1.9639453729318124,5.269768194020706,0.8387006072788593,outer_boundary,2
1.964157287822903,5.270315694947809,0.8373548584513243,outer_boundary,2
1.9651161001997066,5.272792789533357,0.8312888554188798,outer_boundary,2
1.9660749125765102,5.275269749310018,0.82526205348249,outer_boundary,2
1.9670337249533139,5.2777465742242535,0.8192768266570327,outer_boundary,2
1.9679925373301175,5.280223264222541,0.8133355495880219,outer_boundary,2
1.9681067363663924,5.2805182405851845,0.8126309566028196,outer_boundary,2
1.9682209354026674,5.28081321503307,0.8119270248177806,outer_boundary,2
1.9683351344389424,5.281108187566109,0.8112237582437035,outer_boundary,2
1.9684493334752173,5.28140315818421,0.8105211609288573,outer_boundary,2
1.9695058617068366,5.284132028964278,0.8040534362440123,outer_boundary,2
1.970562389938456,5.28686073576015,0.7976465255336596,outer_boundary,2
1.971618918170075,5.289589278500294,0.7913036248309117,outer_boundary,2
1.9726754464016942,5.2923176571132045,0.7850279411971,outer_boundary,2
1.9729699472253084,5.293078146809487,0.7832910476027681,outer_boundary,2
1.9732644480489228,5.2938386237462804,0.7815596967317158,outer_boundary,2
1.9735589488725371,5.2945990879220375,0.7798339586560283,outer_boundary,2
1.9738534496961513,5.295359539335211,0.7781139035336677,outer_boundary,2
1.9747296761404312,5.297622030140782,0.7730305322206771,outer_boundary,2
1.9756059025847112,5.299884407912759,0.7679999487219161,outer_boundary,2
1.9764821290289911,5.302146672610403,0.7630240205249368,outer_boundary,2
1.977358355473271,5.304408824192991,0.7581046265458313,outer_boundary,2
1.9778331580842246,5.305634573617991,0.755463230514111,outer_boundary,2
1.9783079606951781,5.306860289811116,0.7528392921273613,outer_boundary,2
1.9787827633061317,5.308085972765889,0.7502331151933157,outer_boundary,2
1.9792575659170852,5.309311622475838,0.7476450048736566,outer_boundary,2
1.979953490574026,5.311108013870047,0.7438848631635523,outer_boundary,2
1.9806494152309664,5.312904333809563,0.7401651638177871,outer_boundary,2
1.9813453398879068,5.314700582274011,0.7364868846486398,outer_boundary,2
1.9820412645448475,5.3164967592430195,0.7328510109000849,outer_boundary,2
1.9826963689431405,5.318187514046342,0.7294680404928868,outer_boundary,2
1.9833514733414335,5.319878205460505,0.7261243619833809,outer_boundary,2
1.9840065777397264,5.321568833468524,0.72282081752022,outer_boundary,2
1.9846616821380194,5.323259398053421,0.7195582565564664,outer_boundary,2
1.9851773050076207,5.324589971526168,0.717019726823738,outer_boundary,2
1.985692927877222,5.325920505689323,0.7145075387174752,outer_boundary,2
1.9862085507468232,5.3272510005346065,0.7120221168750618,outer_boundary,2
1.9867241736164243,5.328581456053747,0.7095638892263951,outer_boundary,2
1.9874206092823483,5.330378398222744,0.7062875739844499,outer_boundary,2
1.9881170449482721,5.332175268613363,0.7030627301041117,outer_boundary,2
1.9888134806141962,5.333972067205233,0.6998904434013572,outer_boundary,2
1.9895099162801202,5.3357687939779845,0.696771812817712,outer_boundary,2
1.9896488867998285,5.3361273139076495,0.696156023534444,outer_boundary,2
1.989787857319537,5.336485830976622,0.6955424239229678,outer_boundary,2
1.9899268278392452,5.336844345184741,0.6949310228742736,outer_boundary,2
1.9900657983589534,5.337202856531845,0.6943218293961543,outer_boundary,2
1.9904011194412154,5.338067894497707,0.6928610542191747,outer_boundary,2
1.9907364405234773,5.338932915803362,0.6914133104802493,outer_boundary,2
1.9910717616057392,5.33979792044654,0.6899787256306209,outer_boundary,2
1.991407082688001,5.340662908424969,0.6885574280223852,outer_boundary,2
1.9924227906609726,5.343282907959485,0.6843346371773016,outer_boundary,2
1.9934384986339442,5.345902754507483,0.6802385890948781,outer_boundary,2
1.9944542066069157,5.348522448005874,0.6762730007618373,outer_boundary,2
1.9954699145798873,5.351141988391589,0.6724416717840372,outer_boundary,2
1.9968209436351207,5.354626094208367,0.6675602475291822,outer_boundary,2
1.9981719726903544,5.358109928869145,0.6629326578918107,outer_boundary,2
1.999523001745588,5.3615934922256665,0.6585686250526323,outer_boundary,2
2.0008740308008215,5.365076784129737,0.6544782122004787,outer_boundary,2
2.002225059856055,5.368559804433235,0.6506718505724861,outer_boundary,2
2.0035760889112884,5.3720425529881,0.6471603684375267,outer_boundary,2
2.004927117966522,5.375525029646335,0.6439550218631854,outer_boundary,2
2.006278147021755,5.379007234260011,0.6410675279047231,outer_boundary,2
2.007629176076989,5.382489166681262,0.6385100999640144,outer_boundary,2
2.0089802051322225,5.3859708267622874,0.6362954857798391,outer_boundary,2
2.010331234187456,5.389452214355355,0.6344370082242285,outer_boundary,2
2.0116822632426894,5.392933329312792,0.6329486090041677,outer_boundary,2
2.013547405661795,5.3977386808501935,0.6315291103210025,outer_boundary,2
2.0144799768713475,5.400141161538468,0.631106949322028,outer_boundary,2
2.0154125480809,5.402543512108451,0.6308832754785072,outer_boundary,2
2.0170863794636236,5.406855059835146,0.630642791803946,outer_boundary,2
2.0210526315789474,5.417069876357712,0.6300658068956493,outer_boundary,2
2.0224904956845573,5.420772416390847,0.629854178476229,outer_boundary,2
2.0278946119054915,5.4346853895604,0.6290472681129523,outer_boundary,2
2.0332987281264256,5.448593969941066,0.6282224671627333,outer_boundary,2
2.0364659298590237,5.456743355402614,0.6277309195402744,outer_boundary,2
2.0387028443473594,5.462498148146889,0.627380175064365,outer_boundary,2
2.0441069605682936,5.476397914808712,0.626520784355647,outer_boundary,2
2.0495110767892277,5.490293260574208,0.625644680781017,outer_boundary,2
2.0535778931415383,5.500747150184173,0.624974585998407,outer_boundary,2
2.0549151930101615,5.504184176107896,0.6247522433979876,outer_boundary,2
2.0603193092310956,5.518070652091174,0.6238438446823571,outer_boundary,2
2.06572342545203,5.531952679222333,0.6229198506322007,outer_boundary,2
2.067486313673122,5.53648020084993,0.6226151195927627,outer_boundary,2
2.0711275416729635,5.545830248216578,0.6219806208706209,outer_boundary,2
2.0765316578938977,5.559703349806067,0.6210265087472566,outer_boundary,2
2.078790928958327,5.565501879564962,0.6206232997085069,outer_boundary,2
2.081935774114832,5.573571974739913,0.6200578614385481,outer_boundary,2
2.0873398903357656,5.587436113784216,0.6190750200467428,outer_boundary,2
2.08797919921923,5.589075949234354,0.6189578263663759,outer_boundary,2
2.0927440065567,5.601295757722093,0.6180783196976529,outer_boundary,2
2.09544732690491,5.608227127291116,0.6175746395679018,outer_boundary,2
2.098148122777634,5.615150897353684,0.6170680896371565,outer_boundary,2
2.1015173411236834,5.6237866572074156,0.6164315539216656,outer_boundary,2
2.1035522389985677,5.629001523496186,0.6160446533264395,outer_boundary,2
2.1052631578947367,5.633385627303771,0.6157179369192658,outer_boundary,2
2.1064509836867003,5.6364290767494545,0.6154903556839111,outer_boundary,2
2.108956355219502,5.642847626983868,0.6150083285359871,outer_boundary,2
2.1104609955354916,5.646701920298422,0.6147175384820376,outer_boundary,2
2.1137202902294328,5.655049738413103,0.614084328696734,outer_boundary,2
2.114360471440436,5.656689198668102,0.613959427438317,outer_boundary,2
2.1163694100581325,5.661833539120754,0.6135663619674754,outer_boundary,2
2.118522586289744,5.667346535262198,0.6131432104144927,outer_boundary,2
2.1197645876613698,5.670526229417369,0.6128982566994714,outer_boundary,2
2.1202726648759027,5.671826907633077,0.6127978687757781,outer_boundary,2
2.1216951100119603,5.67546815472907,0.6125162558308858,outer_boundary,2
2.122851258187875,5.678427488984128,0.6122867581681541,outer_boundary,2
2.1237909630459306,5.680832650586173,0.6120998269668961,outer_boundary,2
2.1245547450927726,5.682787438679506,0.611947629546044,outer_boundary,2
2.125168703882304,5.6843587101173005,0.6118251175692528,outer_boundary,2
2.1251755389623344,5.684376202435807,0.6118237528192693,outer_boundary,2
2.1256801135724332,5.685667488283419,0.6117229536536413,outer_boundary,2
2.1260902264128445,5.686717002308244,0.6116409503758832,outer_boundary,2
2.1264235617382936,5.687570016720117,0.6115742496736303,outer_boundary,2
2.1266944931216676,5.688263324915847,0.6115200035287436,outer_boundary,2
2.1269147032491063,5.688826829947063,0.6114758913814625,outer_boundary,2
2.127093687682813,5.689284835222159,0.61144002333716,outer_boundary,2
2.127239164314074,5.689657093318772,0.6114108608260562,outer_boundary,2
2.1273574061622877,5.689959658277962,0.6113871516775032,outer_boundary,2
2.1274535118704545,5.690205578227871,0.6113678770604591,outer_boundary,2
2.1275316255610117,5.690405458266849,0.6113522081673022,outer_boundary,2
2.1275951155323027,5.690567917919975,0.6113394708817577,outer_boundary,2
2.127646719501156,5.6906999629225075,0.6113291169788957,outer_boundary,2
2.127688662654496,5.690807287380164,0.6113207006624212,outer_boundary,2
2.12772275360043,5.69089451934767,0.6113138594585636,outer_boundary,2
2.1277504623562593,5.690965420423043,0.6113082986631702,outer_boundary,2
2.1277729837363095,5.691023047969558,0.6113037786848545,outer_boundary,2
2.127791288872869,5.691069886963934,0.6113001047473343,outer_boundary,2
2.127806167091864,5.691107957158466,0.6112971185127938,outer_boundary,2
2.1278182599489566,5.691138900179464,0.6112946912689531,outer_boundary,2
2.127828088893718,5.69116405031878,0.6112927183886194,outer_boundary,2
2.1278360777547785,5.691184492071601,0.6112911148245135,outer_boundary,2
2.127842571015508,5.691201106902068,0.6112898114462176,outer_boundary,2
2.1278478486683037,5.6912146112535185,0.611288752062035,outer_boundary,2
2.127852138287986,5.691225587442573,0.6112878909978151,outer_boundary,2
2.1278556248449325,5.691234508769392,0.6112871911286861,outer_boundary,2
2.127858458681087,5.691241759926907,0.6112866222790168,outer_boundary,2
2.1278607619927707,5.69124765358917,0.6112861599217619,outer_boundary,2
2.127865761992771,5.691260447474146,0.6112851562352483,outer_boundary,2
2.127868261992771,5.691266844415168,0.6112846543882916,outer_boundary,2
2.1278732619927707,5.691279638294283,0.6112836506869774,outer_boundary,2
2.1278757619927706,5.691286035232377,0.6112831488326202,outer_boundary,2
2.127880761992771,5.691298829105633,0.6112821451165062,outer_boundary,2
2.1278830653044545,5.6913047227598685,0.6112816827389764,outer_boundary,2
2.127885899140609,5.691311973905233,0.6112811138586177,outer_boundary,2
2.127889385697556,5.691320895213656,0.6112804139430327,outer_boundary,2
2.127893675317238,5.691331871374868,0.6112795528084917,outer_boundary,2
2.1278989529700336,5.69134537568417,0.6112784933178634,outer_boundary,2
2.127905446230763,5.691361990450839,0.6112771897784393,outer_boundary,2
2.1279134350918234,5.691382432107089,0.6112755859704297,outer_boundary,2
2.127923264036585,5.69140758210022,0.6112736127208962,outer_boundary,2
2.1279353568936776,5.691438524899941,0.6112711849181919,outer_boundary,2
2.1279502351126727,5.691476594759519,0.6112681978376926,outer_boundary,2
2.127968540249232,5.691523433246869,0.6112645226196308,outer_boundary,2
2.1279910616292823,5.691581060025893,0.6112600007029416,outer_boundary,2
2.1280187703851117,5.691651959939503,0.6112544369734023,outer_boundary,2
2.1280528613310454,5.691739190148431,0.6112475913280853,outer_boundary,2
2.1280948044843857,5.691846511944104,0.6112391682885076,outer_boundary,2
2.128146408453239,5.691978552917148,0.6112288042087844,outer_boundary,2
2.12820989842453,5.692141006470783,0.6112160515183721,outer_boundary,2
2.128288012115087,5.69234087727687,0.6112003593066376,outer_boundary,2
2.128384117823254,5.692586783250813,0.6111810493919111,outer_boundary,2
2.128502359671468,5.692889327054378,0.6111572868127183,outer_boundary,2
2.128647836302729,5.693261553127411,0.6111280434228296,outer_boundary,2
2.1288268207364354,5.693719509927939,0.6110920529510341,outer_boundary,2
2.129047030863874,5.694282941582483,0.611047755483261,outer_boundary,2
2.129317962247248,5.694976138706867,0.61099322881558,outer_boundary,2
2.129651297572697,5.695828984988401,0.6109261034808501,outer_boundary,2
2.1300614104131084,5.696878244511852,0.6108434574283974,outer_boundary,2
2.1305659850232073,5.698169145116989,0.6107416852800887,outer_boundary,2
2.130572820103238,5.698186631670683,0.6107403059702273,outer_boundary,2
2.131186778892769,5.699757325726102,0.6106163357233043,outer_boundary,2
2.131950560939611,5.701711231101003,0.6104619088309936,outer_boundary,2
2.1328902657976667,5.704115056519313,0.6102716027841879,outer_boundary,2
2.1340464139735813,5.707072368173764,0.610036996426623,outer_boundary,2
2.135468859109639,5.710710553630384,0.6097476500512132,outer_boundary,2
2.135976936324172,5.712009984997482,0.6096441125854858,outer_boundary,2
2.1372189376957977,5.715186291554939,0.609390601462856,outer_boundary,2
2.139372113927409,5.720692272472088,0.6089497272279745,outer_boundary,2
2.141381052545106,5.725828761034876,0.6085368229451827,outer_boundary,2
2.142021233756109,5.727465454143892,0.6084049295196416,outer_boundary,2
2.14528052845005,5.7357971980965425,0.6077310963628887,outer_boundary,2
2.14678516876604,5.7396429507372595,0.6074187175118433,outer_boundary,2
2.1492905402988414,5.746045710016433,0.6068967665185651,outer_boundary,2
2.152189284986974,5.753452545076275,0.6062900717644656,outer_boundary,2
2.1542241828618582,5.758651298566797,0.6058624088331205,outer_boundary,2
2.157593401207908,5.767257535040834,0.6051511562814068,outer_boundary,2
2.1602941970806318,5.774155077221571,0.6045781989798754,outer_boundary,2
2.162997517428842,5.781057911637125,0.6040022368220789,outer_boundary,2
2.167762324766312,5.793221864583142,0.6029811442789356,outer_boundary,2
2.168401633649776,5.794853665888653,0.6028435744074505,outer_boundary,2
2.17380574987071,5.8086447888362445,0.6016754253993711,outer_boundary,2
2.1769505950272148,5.816668192673788,0.6009913717653907,outer_boundary,2
2.179209866091644,5.822431271538072,0.600498041578725,outer_boundary,2
2.184613982312578,5.836213105069677,0.5993116702224285,outer_boundary,2
2.1882552103124198,5.845496511343937,0.5985073618401132,outer_boundary,2
2.1894736842105265,5.848602569798309,0.5982373402038653,outer_boundary,2
2.1900180985335123,5.849990280523985,0.5981165541792753,outer_boundary,2
2.195422214754446,5.8637627890113295,0.5969129319446502,outer_boundary,2
2.20082633097538,5.877530621659471,0.5957010377341105,outer_boundary,2
2.2021636308440034,5.880936879837907,0.5953998929300222,outer_boundary,2
2.2062304471963143,5.8912937696136085,0.5944811015558589,outer_boundary,2
2.211634563417248,5.905052224036409,0.5932533492821126,outer_boundary,2
2.2170386796381822,5.918805976108025,0.5920180027193794,outer_boundary,2
2.219275594126518,5.924497659712539,0.5915044873986581,outer_boundary,2
2.2224427958591164,5.932555017026109,0.5907752796776611,outer_boundary,2
2.22784691208005,5.946299338005829,0.5895253940385892,outer_boundary,2
2.2332510283009843,5.960038930279903,0.5882685558225065,outer_boundary,2
2.2386551445219185,5.973773785098596,0.5870049712545112,outer_boundary,2
2.2403289759046414,5.978026956167937,0.5866122611594655,outer_boundary,2
2.2440592607428522,5.9875038937297544,0.5857348428294733,outer_boundary,2
2.2494633769637864,6.001229247458823,0.5844583693760367,outer_boundary,2
2.2548674931847206,6.01494983758885,0.5831757461196196,outer_boundary,2
2.2602716094056543,6.028665655440521,0.5818871647444288,outer_boundary,2
2.2656757256265885,6.0423766923521685,0.5805928134544981,outer_boundary,2
2.2662316077054214,6.043786775338232,0.5804593530612581,outer_boundary,2
2.2710798418475227,6.056082939679788,0.5792928770337633,outer_boundary,2
2.2736842105263158,6.062686584636961,0.5786644669352253,outer_boundary,2
2.2764839580684564,6.0697843887970615,0.5779875369051922,outer_boundary,2
2.2818880742893906,6.083481031095372,0.5766769711889826,outer_boundary,2
2.2872921905103247,6.0971728579838205,0.5753613547598233,outer_boundary,2
2.2926963067312585,6.110859860889237,0.5740408593032673,outer_boundary,2
2.2981004229521926,6.1245420312562135,0.5727156533711932,outer_boundary,2
2.357894736842105,6.27560457959121,0.5577843502424599,outer_boundary,2
2.442105263157895,6.487324506252309,0.536186745793977,outer_boundary,2
2.526315789473684,6.697815374869842,0.5143131648746719,outer_boundary,2
2.610526315789474,6.907047267198081,0.4924934546354591,outer_boundary,2
2.694736842105263,7.114991347369187,0.4709723660370911,outer_boundary,2
2.7789473684210524,7.321619870818081,0.44981676932622694,outer_boundary,2
2.8,7.373068299120678,0.4445341493585603,outer_boundary,0
2.8210526315789473,7.424432428761302,0.4392708413843232,outer_boundary,0
2.863157894736842,7.526906191289156,0.4287207734505902,outer_boundary,0
2.9473684210526314,7.730824765960123,0.40763143006933017,outer_boundary,0
3.031578947368421,7.933351158723037,0.38672308177302067,outer_boundary,0
3.1157894736842104,8.134462041667039,0.36615359704062905,outer_boundary,0
3.1999999999999997,8.334135194811386,0.3460417335308153,outer_boundary,0
3.2842105263157895,8.532349504141132,0.3264752390412348,outer_boundary,0
3.3684210526315788,8.729084958001186,0.30751731206387234,outer_boundary,0
3.4526315789473685,8.924322641907548,0.2892117538345677,outer_boundary,0
3.536842105263158,9.118044731837157,0.27158707796053005,outer_boundary,0
3.621052631578947,9.310234486060159,0.25465978966053004,outer_boundary,0
3.705263157894737,9.500876235580325,0.2384370034274385,outer_boundary,0
3.789473684210526,9.689955373251053,0.2229185331491074,outer_boundary,0
3.873684210526316,9.877458341635668,0.20809856104502905,outer_boundary,0
3.957894736842105,10.063372619681642,0.1939669703387928,outer_boundary,0
4.042105263157895,10.247686708279161,0.1805104085599102,outer_boundary,0
4.126315789473684,10.430390114774712,0.16771313542770372,outer_boundary,0
4.2105263157894735,10.611473336510523,0.15555769770352398,outer_boundary,0
4.294736842105263,10.790927843460421,0.14402546541201017,outer_boundary,0
4.378947368421053,10.968746060032345,0.13309705655347542,outer_boundary,0
4.463157894736842,11.144921346106946,0.12275267226845048,outer_boundary,0
4.5473684210526315,11.319447977380861,0.11297235980584557,outer_boundary,0
4.631578947368421,11.492321125082128,0.10373621775130261,outer_boundary,0
4.71578947368421,11.663536835123871,0.09502455440191739,outer_boundary,0
4.8,11.833092006760975,0.08681800890444286,outer_boundary,0
4.88421052631579,12.000984370812724,0.07909764210136991,outer_boundary,0
4.968421052631578,12.16721246751271,0.07184500338162066,outer_boundary,0
5.052631578947368,12.331775624045374,0.06504217808804302,outer_boundary,0
5.136842105263158,12.494673931826481,0.05867181973716221,outer_boundary,0
5.221052631578948,12.655908223582854,0.052717169694206,outer_boundary,0
5.3052631578947365,12.815480050284414,0.04716206730306919,outer_boundary,0
5.389473684210526,12.973391657979345,0.041990952467048794,outer_boundary,0
5.473684210526316,13.129645964580961,0.037188861974725575,outer_boundary,0
5.557894736842105,13.284246536652503,0.032741421639683396,outer_boundary,0
5.6421052631578945,13.437197566233738,0.02863483453618025,outer_boundary,0
5.726315789473684,13.58850384775084,0.024855866828884885,outer_boundary,0
5.810526315789474,13.73817075504879,0.02139183167372665,outer_boundary,0
5.894736842105263,13.886204218583009,0.01823057175824356,outer_boundary,0
5.978947368421053,14.032610702804737,0.015360440920900038,outer_boundary,0
6.063157894736842,14.177397183772314,0.01277028527382733,outer_boundary,0
6.147368421052631,14.320571127018205,0.010449424204279552,outer_boundary,0
6.231578947368421,14.4621404656995,0.008387631207968567,outer_boundary,0
6.315789473684211,14.602113579057203,0.006575115018107577,outer_boundary,0
6.3999999999999995,14.74049927120782,0.005002501011351085,outer_boundary,0
6.442105263157894,14.809099696653927,0.004303337225159873,outer_boundary,0
6.484210526315789,14.87730675028836,0.0036608130870605326,outer_boundary,0
6.526315789473684,14.945121642896025,0.0030738659620628737,outer_boundary,0
6.568421052631579,15.01254560797402,0.0025414559219225433,outer_boundary,0
6.610526315789474,15.079579901113153,0.002062565257736094,outer_boundary,0
6.652631578947369,15.146225799385896,0.001636197931174804,outer_boundary,0
6.694736842105263,15.212484600740881,0.001261379117468863,outer_boundary,0
6.71578947368421,15.245469251243984,0.0010930014421456744,outer_boundary,0
6.7368421052631575,15.278357623404077,0.0009371546890762583,outer_boundary,0
6.757894736842105,15.311149885070593,0.0007937227500692853,outer_boundary,0
6.778947368421052,15.34384620528666,0.000662590733557384,outer_boundary,0
6.8,15.376446754270965,0.0005436449995764877,outer_boundary,0
6.821052631578947,15.40895170339975,0.00043677308261377964,outer_boundary,0
6.842105263157895,15.441361225188862,0.00034186373036440397,outer_boundary,0
6.863157894736842,15.473675493275998,0.0002588068519983753,outer_boundary,0
6.88421052631579,15.505894682402984,0.0001874935299180114,outer_boundary,0
6.905263157894737,15.538018968398186,0.00012781598803379986,outer_boundary,0
6.926315789473684,15.570048528159079,7.966759128120738e-05,outer_boundary,0
6.947368421052632,15.601983539634832,4.294282390818022e-05,outer_boundary,0
6.968421052631578,15.63382418180909,1.7537279840733284e-05,outer_boundary,0
6.989473684210526,15.665570634682854,3.347648304749887e-06,outer_boundary,0
7.010526315789473,15.697223079257418,0.0,outer_boundary,0
7.031578947368421,15.728781697517475,0.0,outer_boundary,0
7.073684210526316,15.7916181878492,0.0,outer_boundary,0
7.157894736842105,15.916173365315352,0.0,outer_boundary,0
7.242105263157894,16.039248139295307,0.0,outer_boundary,0
7.326315789473684,16.160854700239074,0.0,outer_boundary,0
7.410526315789474,16.2810054407427,0.0,outer_boundary,0
7.494736842105263,16.39971293993013,0.0,outer_boundary,0
7.578947368421052,16.516989948307582,0.0,outer_boundary,0
7.663157894736842,16.632849373090192,0.0,outer_boundary,0
7.747368421052632,16.74730426399939,0.0,outer_boundary,0
7.8315789473684205,16.860367799529087,0.0,outer_boundary,0
7.91578947368421,16.97205327367732,0.0,outer_boundary,0
8.0,17.082374083139594,0.0,outer_boundary,0
