family,map_name,m_minus,m_plus,q_minus,q_plus,lambda_minus,lambda_plus,shell_radius,observer_radius,admitted,rejection_reasons,warnings,surface_energy_density,surface_pressure,q_jump,lambda_jump,photon_sphere_classification,inner_photon_spheres,outer_photon_spheres
rnds,rnds_lambda_shell,0.8,1.0,0.2,0.2,0.01,0.0,3.0,10.0,True,,lambda_mismatch_vacuum_discontinuity,0.002200991791150706,0.0017675446995407034,0.0,-0.01,inner_only,2.36619037897,
rnds,rnds_lambda_shell,0.8,1.0,0.2,0.2,0.01,0.0018181818181818182,3.0,10.0,True,,lambda_mismatch_vacuum_discontinuity,0.0023259733420019097,0.0016409052136794338,0.0,-0.008181818181818182,inner_only,2.36619037897,
rnds,rnds_lambda_shell,0.8,1.0,0.2,0.2,0.01,0.0036363636363636364,3.0,10.0,True,,lambda_mismatch_vacuum_discontinuity,0.0024519848556336017,0.0015131944366635292,0.0,-0.006363636363636364,inner_only,2.36619037897,
rnds,rnds_lambda_shell,0.8,1.0,0.2,0.2,0.01,0.005454545454545455,3.0,10.0,True,,lambda_mismatch_vacuum_discontinuity,0.0025790522231914676,0.0013843847312799832,0.0,-0.004545454545454545,inner_only,2.36619037897,
rnds,rnds_lambda_shell,0.8,1.0,0.2,0.2,0.01,0.007272727272727273,3.0,10.0,True,,lambda_mismatch_vacuum_discontinuity,0.002707202439100282,0.0012544472519835578,0.0,-0.0027272727272727275,inner_only,2.36619037897,
rnds,rnds_lambda_shell,0.8,1.0,0.2,0.2,0.01,0.00909090909090909,3.0,10.0,True,,lambda_mismatch_vacuum_discontinuity,0.0028364636680261487,0.001123351869665811,0.0,-0.0009090909090909097,inner_only,2.36619037897,
rnds,rnds_lambda_shell,0.8,1.0,0.2,0.2,0.01,0.01090909090909091,3.0,10.0,True,,lambda_mismatch_vacuum_discontinuity,0.0029668653171566195,0.0009910670902966647,0.0,0.0009090909090909097,inner_only,2.36619037897,
rnds,rnds_lambda_shell,0.8,1.0,0.2,0.2,0.01,0.012727272727272728,3.0,10.0,True,,lambda_mismatch_vacuum_discontinuity,0.003098438114324043,0.0008575599668176906,0.0,0.0027272727272727275,inner_only,2.36619037897,
rnds,rnds_lambda_shell,0.8,1.0,0.2,0.2,0.01,0.014545454545454545,3.0,10.0,True,,lambda_mismatch_vacuum_discontinuity,0.0032312141925601467,0.0007227960035905638,0.0,0.004545454545454545,inner_only,2.36619037897,
rnds,rnds_lambda_shell,0.8,1.0,0.2,0.2,0.01,0.016363636363636365,3.0,10.0,True,,lambda_mismatch_vacuum_discontinuity,0.0033652271817410095,0.0005867390526176048,0.0,0.006363636363636365,inner_only,2.36619037897,
rnds,rnds_lambda_shell,0.8,1.0,0.2,0.2,0.01,0.01818181818181818,3.0,10.0,True,,lambda_mismatch_vacuum_discontinuity,0.0035005123080629344,0.00044935120065218173,0.0,0.00818181818181818,inner_only,2.36619037897,
rnds,rnds_lambda_shell,0.8,1.0,0.2,0.2,0.01,0.02,3.0,10.0,True,,lambda_mismatch_vacuum_discontinuity,0.0036371065021829434,0.0003105926462027162,0.0,0.01,inner_only,2.36619037897,
rnds,rnds_lambda_shell,0.8,1.0,0.2,0.2,0.01,0.0,3.4545454545454546,10.0,True,,lambda_mismatch_vacuum_discontinuity,0.0012885269003305205,0.0013460577701908372,0.0,-0.01,inner_only,2.36619037897,
rnds,rnds_lambda_shell,0.8,1.0,0.2,0.2,0.01,0.0018181818181818182,3.4545454545454546,10.0,True,,lambda_mismatch_vacuum_discontinuity,0.0014169488889725363,0.0011965335027801613,0.0,-0.008181818181818182,inner_only,2.36619037897,
rnds,rnds_lambda_shell,0.8,1.0,0.2,0.2,0.01,0.0036363636363636364,3.4545454545454546,10.0,True,,lambda_mismatch_vacuum_discontinuity,0.0015464890362280172,0.0010453350425217054,0.0,-0.006363636363636364,inner_only,2.36619037897,
rnds,rnds_lambda_shell,0.8,1.0,0.2,0.2,0.01,0.005454545454545455,3.4545454545454546,10.0,True,,lambda_mismatch_vacuum_discontinuity,0.001677177068002277,0.000892407807867279,0.0,-0.004545454545454545,inner_only,2.36619037897,
rnds,rnds_lambda_shell,0.8,1.0,0.2,0.2,0.01,0.007272727272727273,3.4545454545454546,10.0,True,,lambda_mismatch_vacuum_discontinuity,0.001809044051109525,0.0007376942924945295,0.0,-0.0027272727272727275,inner_only,2.36619037897,
rnds,rnds_lambda_shell,0.8,1.0,0.2,0.2,0.01,0.00909090909090909,3.4545454545454546,10.0,True,,lambda_mismatch_vacuum_discontinuity,0.001942122479514618,0.0005811338468924124,0.0,-0.0009090909090909097,inner_only,2.36619037897,
rnds,rnds_lambda_shell,0.8,1.0,0.2,0.2,0.01,0.01090909090909091,3.4545454545454546,10.0,True,,lambda_mismatch_vacuum_discontinuity,0.002076446367840147,0.00042266243894561485,0.0,0.0009090909090909097,inner_only,2.36619037897,
rnds,rnds_lambda_shell,0.8,1.0,0.2,0.2,0.01,0.012727272727272728,3.4545454545454546,10.0,True,,lambda_mismatch_vacuum_discontinuity,0.0022120513529011935,0.0002622123910360719,0.0,0.0027272727272727275,inner_only,2.36619037897,
rnds,rnds_lambda_shell,0.8,1.0,0.2,0.2,0.01,0.014545454545454545,3.4545454545454546,10.0,True,,lambda_mismatch_vacuum_discontinuity,0.0023489748041265416,9.971209083002907e-05,0.0,0.004545454545454545,inner_only,2.36619037897,
rnds,rnds_lambda_shell,0.8,1.0,0.2,0.2,0.01,0.016363636363636365,3.4545454545454546,10.0,True,,lambda_mismatch_vacuum_discontinuity,0.002487255943835823,-6.49143274879367e-05,0.0,0.006363636363636365,inner_only,2.36619037897,
rnds,rnds_lambda_shell,0.8,1.0,0.2,0.2,0.01,0.01818181818181818,3.4545454545454546,10.0,True,,lambda_mismatch_vacuum_discontinuity,0.002626935978469636,-0.0002317473352479972,0.0,0.00818181818181818,inner_only,2.36619037897,
rnds,rnds_lambda_shell,0.8,1.0,0.2,0.2,0.01,0.02,3.4545454545454546,10.0,True,,lambda_mismatch_vacuum_discontinuity,0.002768058242016929,-0.000400872398866121,0.0,0.01,inner_only,2.36619037897,
rnds,rnds_lambda_shell,0.8,1.0,0.2,0.2,0.01,0.0,3.909090909090909,10.0,True,,lambda_mismatch_vacuum_discontinuity,0.0007279069023158238,0.0012257149597980296,0.0,-0.01,inner_only,2.36619037897,
rnds,rnds_lambda_shell,0.8,1.0,0.2,0.2,0.01,0.0018181818181818182,3.909090909090909,10.0,True,,lambda_mismatch_vacuum_discontinuity,0.0008630762927978735,0.0010575001870513825,0.0,-0.008181818181818182,inner_only,2.36619037897,
rnds,rnds_lambda_shell,0.8,1.0,0.2,0.2,0.01,0.0036363636363636364,3.909090909090909,10.0,True,,lambda_mismatch_vacuum_discontinuity,0.0009995513616237906,0.0008870128131677872,0.0,-0.006363636363636364,inner_only,2.36619037897,
rnds,rnds_lambda_shell,0.8,1.0,0.2,0.2,0.01,0.005454545454545455,3.909090909090909,10.0,True,,lambda_mismatch_vacuum_discontinuity,0.0011373706929199189,0.0007141661607611625,0.0,-0.004545454545454545,inner_only,2.36619037897,
rnds,rnds_lambda_shell,0.8,1.0,0.2,0.2,0.01,0.007272727272727273,3.909090909090909,10.0,True,,lambda_mismatch_vacuum_discontinuity,0.0012765748094344916,0.0005388681968651715,0.0,-0.0027272727272727275,inner_only,2.36619037897,
rnds,rnds_lambda_shell,0.8,1.0,0.2,0.2,0.01,0.00909090909090909,3.909090909090909,10.0,True,,lambda_mismatch_vacuum_discontinuity,0.001417206311707632,0.00036102107515710737,0.0,-0.0009090909090909097,inner_only,2.36619037897,
rnds,rnds_lambda_shell,0.8,1.0,0.2,0.2,0.01,0.01090909090909091,3.909090909090909,10.0,True,,lambda_mismatch_vacuum_discontinuity,0.0015593100303562958,0.00018052062798850586,0.0,0.0009090909090909097,inner_only,2.36619037897,
rnds,rnds_lambda_shell,0.8,1.0,0.2,0.2,0.01,0.012727272727272728,3.909090909090909,10.0,True,,lambda_mismatch_vacuum_discontinuity,0.0017029331930171236,-2.7441985304402753e-06,0.0,0.0027272727272727275,inner_only,2.36619037897,
rnds,rnds_lambda_shell,0.8,1.0,0.2,0.2,0.01,0.014545454545454545,3.909090909090909,10.0,True,,lambda_mismatch_vacuum_discontinuity,0.0018481256077094179,-0.00018889197422815857,0.0,0.004545454545454545,inner_only,2.36619037897,
rnds,rnds_lambda_shell,0.8,1.0,0.2,0.2,0.01,0.016363636363636365,3.909090909090909,10.0,True,,lambda_mismatch_vacuum_discontinuity,0.0019949398646363736,-0.00037804948847133867,0.0,0.006363636363636365,inner_only,2.36619037897,
rnds,rnds_lambda_shell,0.8,1.0,0.2,0.2,0.01,0.01818181818181818,3.909090909090909,10.0,True,,lambda_mismatch_vacuum_discontinuity,0.0021434315587426683,-0.0005703525383189081,0.0,0.00818181818181818,inner_only,2.36619037897,
rnds,rnds_lambda_shell,0.8,1.0,0.2,0.2,0.01,0.02,3.909090909090909,10.0,True,,lambda_mismatch_vacuum_discontinuity,0.00229365953569888,-0.0007659468137138628,0.0,0.01,inner_only,2.36619037897,
rnds,rnds_lambda_shell,0.8,1.0,0.2,0.2,0.01,0.0,4.363636363636363,10.0,True,,lambda_mismatch_vacuum_discontinuity,0.0003442412169840034,0.0012158074171640275,0.0,-0.01,inner_only,2.36619037897,
rnds,rnds_lambda_shell,0.8,1.0,0.2,0.2,0.01,0.0018181818181818182,4.363636363636363,10.0,True,,lambda_mismatch_vacuum_discontinuity,0.00048770456435324875,0.0010301155513185165,0.0,-0.008181818181818182,inner_only,2.36619037897,
rnds,rnds_lambda_shell,0.8,1.0,0.2,0.2,0.01,0.0036363636363636364,4.363636363636363,10.0,True,,lambda_mismatch_vacuum_discontinuity,0.0006327318736401926,0.0008414634983951541,0.0,-0.006363636363636364,inner_only,2.36619037897,
rnds,rnds_lambda_shell,0.8,1.0,0.2,0.2,0.01,0.005454545454545455,4.363636363636363,10.0,True,,lambda_mismatch_vacuum_discontinuity,0.0007793754366052919,0.0006497202905058036,0.0,-0.004545454545454545,inner_only,2.36619037897,
rnds,rnds_lambda_shell,0.8,1.0,0.2,0.2,0.01,0.007272727272727273,4.363636363636363,10.0,True,,lambda_mismatch_vacuum_discontinuity,0.0009276905256343482,0.0004547456292060005,0.0,-0.0027272727272727275,inner_only,2.36619037897,
rnds,rnds_lambda_shell,0.8,1.0,0.2,0.2,0.01,0.00909090909090909,4.363636363636363,10.0,True,,lambda_mismatch_vacuum_discontinuity,0.0010777356371581592,0.0002563889675757772,0.0,-0.0009090909090909097,inner_only,2.36619037897,
rnds,rnds_lambda_shell,0.8,1.0,0.2,0.2,0.01,0.01090909090909091,4.363636363636363,10.0,True,,lambda_mismatch_vacuum_discontinuity,0.0012295727612439238,5.4488476441737385e-05,0.0,0.0009090909090909097,inner_only,2.36619037897,
rnds,rnds_lambda_shell,0.8,1.0,0.2,0.2,0.01,0.012727272727272728,4.363636363636363,10.0,True,,lambda_mismatch_vacuum_discontinuity,0.0013832676808820978,-0.00015113012322661936,0.0,0.0027272727272727275,inner_only,2.36619037897,
rnds,rnds_lambda_shell,0.8,1.0,0.2,0.2,0.01,0.014545454545454545,4.363636363636363,10.0,True,,lambda_mismatch_vacuum_discontinuity,0.0015388903050671246,-0.00036065488304018917,0.0,0.004545454545454545,inner_only,2.36619037897,
rnds,rnds_lambda_shell,0.8,1.0,0.2,0.2,0.01,0.016363636363636365,4.363636363636363,10.0,True,,lambda_mismatch_vacuum_discontinuity,0.001696515040456306,-0.000574289130374707,0.0,0.006363636363636365,inner_only,2.36619037897,
rnds,rnds_lambda_shell,0.8,1.0,0.2,0.2,0.01,0.01818181818181818,4.363636363636363,10.0,True,,lambda_mismatch_vacuum_discontinuity,0.0018562212072126764,-0.000792253182306308,0.0,0.00818181818181818,inner_only,2.36619037897,
rnds,rnds_lambda_shell,0.8,1.0,0.2,0.2,0.01,0.02,4.363636363636363,10.0,True,,lambda_mismatch_vacuum_discontinuity,0.0020180935056267326,-0.001014786306668656,0.0,0.01,inner_only,2.36619037897,
rnds,rnds_lambda_shell,0.8,1.0,0.2,0.2,0.01,0.0,4.818181818181818,10.0,True,,lambda_mismatch_vacuum_discontinuity,6.0620972816432545e-05,0.0012560452536587025,0.0,-0.01,inner_only,2.36619037897,
rnds,rnds_lambda_shell,0.8,1.0,0.2,0.2,0.01,0.0018181818181818182,4.818181818181818,10.0,True,,lambda_mismatch_vacuum_discontinuity,0.00021323887580867998,0.0010532871783618472,0.0,-0.008181818181818182,inner_only,2.36619037897,
rnds,rnds_lambda_shell,0.8,1.0,0.2,0.2,0.01,0.0036363636363636364,4.818181818181818,10.0,True,,lambda_mismatch_vacuum_discontinuity,0.0003677437415622239,0.0008467591602083184,0.0,-0.006363636363636364,inner_only,2.36619037897,
rnds,rnds_lambda_shell,0.8,1.0,0.2,0.2,0.01,0.005454545454545455,4.818181818181818,10.0,True,,lambda_mismatch_vacuum_discontinuity,0.0005242073414985609,0.0006362685412694518,0.0,-0.004545454545454545,inner_only,2.36619037897,
rnds,rnds_lambda_shell,0.8,1.0,0.2,0.2,0.01,0.007272727272727273,4.818181818181818,10.0,True,,lambda_mismatch_vacuum_discontinuity,0.0006827061155639318,0.0004216068431926821,0.0,-0.0027272727272727275,inner_only,2.36619037897,
rnds,rnds_lambda_shell,0.8,1.0,0.2,0.2,0.01,0.00909090909090909,4.818181818181818,10.0,True,,lambda_mismatch_vacuum_discontinuity,0.0008433216087692846,0.00020254797210416273,0.0,-0.0009090909090909097,inner_only,2.36619037897,
rnds,rnds_lambda_shell,0.8,1.0,0.2,0.2,0.01,0.01090909090909091,4.818181818181818,10.0,True,,lambda_mismatch_vacuum_discontinuity,0.0010061409616582094,-2.1153838333836245e-05,0.0,0.0009090909090909097,inner_only,2.36619037897,
rnds,rnds_lambda_shell,0.8,1.0,0.2,0.2,0.01,0.012727272727272728,4.818181818181818,10.0,True,,lambda_mismatch_vacuum_discontinuity,0.0011712574630759766,-0.0002497663927672806,0.0,0.0027272727272727275,inner_only,2.36619037897,
rnds,rnds_lambda_shell,0.8,1.0,0.2,0.2,0.01,0.014545454545454545,4.818181818181818,10.0,True,,lambda_mismatch_vacuum_discontinuity,0.0013387711751940278,-0.00048358226608355816,0.0,0.004545454545454545,inner_only,2.36619037897,
rnds,rnds_lambda_shell,0.8,1.0,0.2,0.2,0.01,0.016363636363636365,4.818181818181818,10.0,True,,lambda_mismatch_vacuum_discontinuity,0.001508789642680309,-0.0007229219713125934,0.0,0.006363636363636365,inner_only,2.36619037897,
rnds,rnds_lambda_shell,0.8,1.0,0.2,0.2,0.01,0.01818181818181818,4.818181818181818,10.0,True,,lambda_mismatch_vacuum_discontinuity,0.0016814287002900618,-0.0009681376493779689,0.0,0.00818181818181818,inner_only,2.36619037897,
rnds,rnds_lambda_shell,0.8,1.0,0.2,0.2,0.01,0.02,4.818181818181818,10.0,True,,lambda_mismatch_vacuum_discontinuity,0.0018568133961047687,-0.001219617386894455,0.0,0.01,inner_only,2.36619037897,
rnds,rnds_lambda_shell,0.8,1.0,0.2,0.2,0.01,0.0,5.2727272727272725,10.0,True,,lambda_mismatch_vacuum_discontinuity;negative_surface_energy_density,-0.00016192696370637233,0.0013228692531923785,0.0,-0.01,inner_only,2.36619037897,
rnds,rnds_lambda_shell,0.8,1.0,0.2,0.2,0.01,0.0018181818181818182,5.2727272727272725,10.0,True,,lambda_mismatch_vacuum_discontinuity,3.8195088802025345e-07,0.0011031756209183728,0.0,-0.008181818181818182,inner_only,2.36619037897,
rnds,rnds_lambda_shell,0.8,1.0,0.2,0.2,0.01,0.0036363636363636364,5.2727272727272725,10.0,True,,lambda_mismatch_vacuum_discontinuity,0.00016496617270921683,0.0008787592095766765,0.0,-0.006363636363636364,inner_only,2.36619037897,
rnds,rnds_lambda_shell,0.8,1.0,0.2,0.2,0.01,0.005454545454545455,5.2727272727272725,10.0,True,,lambda_mismatch_vacuum_discontinuity,0.0003319241605035547,0.0006493424871099198,0.0,-0.004545454545454545,inner_only,2.36619037897,
rnds,rnds_lambda_shell,0.8,1.0,0.2,0.2,0.01,0.007272727272727273,5.2727272727272725,10.0,True,,lambda_mismatch_vacuum_discontinuity,0.0005013616857250199,0.00041462171194082585,0.0,-0.0027272727272727275,inner_only,2.36619037897,
rnds,rnds_lambda_shell,0.8,1.0,0.2,0.2,0.01,0.00909090909090909,5.2727272727272725,10.0,True,,lambda_mismatch_vacuum_discontinuity,0.0006733926162876934,0.00017426350557152062,0.0,-0.0009090909090909097,inner_only,2.36619037897,
rnds,rnds_lambda_shell,0.8,1.0,0.2,0.2,0.01,0.01090909090909091,5.2727272727272725,10.0,True,,lambda_mismatch_vacuum_discontinuity,0.000848139811743771,-7.209915279849777e-05,0.0,0.0009090909090909097,inner_only,2.36619037897,
rnds,rnds_lambda_shell,0.8,1.0,0.2,0.2,0.01,0.012727272727272728,5.2727272727272725,10.0,True,,lambda_mismatch_vacuum_discontinuity,0.001025736149883129,-0.0003248716301714321,0.0,0.0027272727272727275,inner_only,2.36619037897,
rnds,rnds_lambda_shell,0.8,1.0,0.2,0.2,0.01,0.014545454545454545,5.2727272727272725,10.0,True,,lambda_mismatch_vacuum_discontinuity,0.0012063257091347523,-0.0005845031929447316,0.0,0.004545454545454545,inner_only,2.36619037897,
rnds,rnds_lambda_shell,0.8,1.0,0.2,0.2,0.01,0.016363636363636365,5.2727272727272725,10.0,True,,lambda_mismatch_vacuum_discontinuity,0.0013900651366830555,-0.0008514935993713576,0.0,0.006363636363636365,inner_only,2.36619037897,
rnds,rnds_lambda_shell,0.8,1.0,0.2,0.2,0.01,0.01818181818181818,5.2727272727272725,10.0,True,,lambda_mismatch_vacuum_discontinuity,0.001577125239246073,-0.0011264009724900228,0.0,0.00818181818181818,inner_only,2.36619037897,
rnds,rnds_lambda_shell,0.8,1.0,0.2,0.2,0.01,0.02,5.2727272727272725,10.0,True,,lambda_mismatch_vacuum_discontinuity,0.0017676928424769087,-0.0014098512623010274,0.0,0.01,inner_only,2.36619037897,
rnds,rnds_lambda_shell,0.8,1.0,0.2,0.2,0.01,0.0,5.727272727272727,10.0,True,,lambda_mismatch_vacuum_discontinuity;negative_surface_energy_density,-0.00034513288001737673,0.0014057755628191643,0.0,-0.01,inner_only,2.36619037897,
rnds,rnds_lambda_shell,0.8,1.0,0.2,0.2,0.01,0.0018181818181818182,5.727272727272727,10.0,True,,lambda_mismatch_vacuum_discontinuity;negative_surface_energy_density,-0.0001727695808739025,0.0011691610028813386,0.0,-0.008181818181818182,inner_only,2.36619037897,
rnds,rnds_lambda_shell,0.8,1.0,0.2,0.2,0.01,0.0036363636363636364,5.727272727272727,10.0,True,,lambda_mismatch_vacuum_discontinuity,2.3260102629724912e-06,0.0009267096763836409,0.0,-0.006363636363636364,inner_only,2.36619037897,
rnds,rnds_lambda_shell,0.8,1.0,0.2,0.2,0.01,0.005454545454545455,5.727272727272727,10.0,True,,lambda_mismatch_vacuum_discontinuity,0.00018028810209703235,0.0006780290397548225,0.0,-0.004545454545454545,inner_only,2.36619037897,
rnds,rnds_lambda_shell,0.8,1.0,0.2,0.2,0.01,0.007272727272727273,5.727272727272727,10.0,True,,lambda_mismatch_vacuum_discontinuity,0.00036126226402490887,0.0004226840551426983,0.0,-0.0027272727272727275,inner_only,2.36619037897,
rnds,rnds_lambda_shell,0.8,1.0,0.2,0.2,0.01,0.00909090909090909,5.727272727272727,10.0,True,,lambda_mismatch_vacuum_discontinuity,0.0005454068198815687,0.00016019080023104676,0.0,-0.0009090909090909097,inner_only,2.36619037897,
rnds,rnds_lambda_shell,0.8,1.0,0.2,0.2,0.01,0.01090909090909091,5.727272727272727,10.0,True,,lambda_mismatch_vacuum_discontinuity,0.0007328944695489746,-0.00010999116614389241,0.0,0.0009090909090909097,inner_only,2.36619037897,
rnds,rnds_lambda_shell,0.8,1.0,0.2,0.2,0.01,0.012727272727272728,5.727272727272727,10.0,True,,lambda_mismatch_vacuum_discontinuity,0.0009239141856847324,-0.0003884679835566323,0.0,0.0027272727272727275,inner_only,2.36619037897,
rnds,rnds_lambda_shell,0.8,1.0,0.2,0.2,0.01,0.014545454545454545,5.727272727272727,10.0,True,,lambda_mismatch_vacuum_discontinuity,0.001118673444866247,-0.0006759226037624631,0.0,0.004545454545454545,inner_only,2.36619037897,
rnds,rnds_lambda_shell,0.8,1.0,0.2,0.2,0.01,0.016363636363636365,5.727272727272727,10.0,True,,lambda_mismatch_vacuum_discontinuity,0.0013174008681684525,-0.0009731283463151393,0.0,0.006363636363636365,inner_only,2.36619037897,
rnds,rnds_lambda_shell,0.8,1.0,0.2,0.2,0.01,0.01818181818181818,5.727272727272727,10.0,True,,lambda_mismatch_vacuum_discontinuity,0.001520349366931829,-0.001280965565273152,0.0,0.00818181818181818,inner_only,2.36619037897,
rnds,rnds_lambda_shell,0.8,1.0,0.2,0.2,0.01,0.02,5.727272727272727,10.0,True,,lambda_mismatch_vacuum_discontinuity,0.0017277999171266046,-0.001600442319089396,0.0,0.01,inner_only,2.36619037897,
rnds,rnds_lambda_shell,0.8,1.0,0.2,0.2,0.01,0.0,6.181818181818182,10.0,True,,lambda_mismatch_vacuum_discontinuity;negative_surface_energy_density,-0.0005020001283794432,0.0014996863002387697,0.0,-0.01,inner_only,2.36619037897,
rnds,rnds_lambda_shell,0.8,1.0,0.2,0.2,0.01,0.0018181818181818182,6.181818181818182,10.0,True,,lambda_mismatch_vacuum_discontinuity;negative_surface_energy_density,-0.000319319600804537,0.0012461105958496265,0.0,-0.008181818181818182,inner_only,2.36619037897,
rnds,rnds_lambda_shell,0.8,1.0,0.2,0.2,0.01,0.0036363636363636364,6.181818181818182,10.0,True,,lambda_mismatch_vacuum_discontinuity;negative_surface_energy_density,-0.00013337650849012847,0.0009854052341760958,0.0,-0.006363636363636364,inner_only,2.36619037897,
rnds,rnds_lambda_shell,0.8,1.0,0.2,0.2,0.01,0.005454545454545455,6.181818181818182,10.0,True,,lambda_mismatch_vacuum_discontinuity,5.601045702373126e-05,0.0007170240569588663,0.0,-0.004545454545454545,inner_only,2.36619037897,
rnds,rnds_lambda_shell,0.8,1.0,0.2,0.2,0.01,0.007272727272727273,6.181818181818182,10.0,True,,lambda_mismatch_vacuum_discontinuity,0.00024904004640905906,0.0004403533788540536,0.0,-0.0027272727272727275,inner_only,2.36619037897,
rnds,rnds_lambda_shell,0.8,1.0,0.2,0.2,0.01,0.00909090909090909,6.181818181818182,10.0,True,,lambda_mismatch_vacuum_discontinuity,0.0004459308962167939,0.0001547003424422268,0.0,-0.0009090909090909097,inner_only,2.36619037897,
rnds,rnds_lambda_shell,0.8,1.0,0.2,0.2,0.01,0.01090909090909091,6.181818181818182,10.0,True,,lambda_mismatch_vacuum_discontinuity,0.000646924431174191,-0.0001407213395597989,0.0,0.0009090909090909097,inner_only,2.36619037897,
rnds,rnds_lambda_shell,0.8,1.0,0.2,0.2,0.01,0.012727272727272728,6.181818181818182,10.0,True,,lambda_mismatch_vacuum_discontinuity,0.0008522883349218477,-0.00044680898726018716,0.0,0.0027272727272727275,inner_only,2.36619037897,
rnds,rnds_lambda_shell,0.8,1.0,0.2,0.2,0.01,0.014545454545454545,6.181818181818182,10.0,True,,lambda_mismatch_vacuum_discontinuity,0.001062320731493735,-0.0007645928838822648,0.0,0.004545454545454545,inner_only,2.36619037897,
rnds,rnds_lambda_shell,0.8,1.0,0.2,0.2,0.01,0.016363636363636365,6.181818181818182,10.0,True,,lambda_mismatch_vacuum_discontinuity,0.0012773552639651156,-0.0010952638670985782,0.0,0.006363636363636365,inner_only,2.36619037897,
rnds,rnds_lambda_shell,0.8,1.0,0.2,0.2,0.01,0.01818181818181818,6.181818181818182,10.0,True,,lambda_mismatch_vacuum_discontinuity,0.0014977673173953779,-0.0014402084173689763,0.0,0.00818181818181818,inner_only,2.36619037897,
rnds,rnds_lambda_shell,0.8,1.0,0.2,0.2,0.01,0.02,6.181818181818182,10.0,True,,lambda_mismatch_vacuum_discontinuity,0.0017239817179118776,-0.0018010538085353937,0.0,0.01,inner_only,2.36619037897,
rnds,rnds_lambda_shell,0.8,1.0,0.2,0.2,0.01,0.0,6.636363636363637,10.0,True,,lambda_mismatch_vacuum_discontinuity;negative_surface_energy_density,-0.0006407562608705861,0.0016020606721264005,0.0,-0.01,inner_only,2.36619037897,
rnds,rnds_lambda_shell,0.8,1.0,0.2,0.2,0.01,0.0018181818181818182,6.636363636363637,10.0,True,,lambda_mismatch_vacuum_discontinuity;negative_surface_energy_density,-0.00044755768565674065,0.0013314543252002464,0.0,-0.008181818181818182,inner_only,2.36619037897,
rnds,rnds_lambda_shell,0.8,1.0,0.2,0.2,0.01,0.0036363636363636364,6.636363636363637,10.0,True,,lambda_mismatch_vacuum_discontinuity;negative_surface_energy_density,-0.0002504874939906413,0.0010522281842197904,0.0,-0.006363636363636364,inner_only,2.36619037897,
rnds,rnds_lambda_shell,0.8,1.0,0.2,0.2,0.01,0.005454545454545455,6.636363636363637,10.0,True,,lambda_mismatch_vacuum_discontinuity;negative_surface_energy_density,-4.93031582504701e-05,0.0007636335660285365,0.0,-0.004545454545454545,inner_only,2.36619037897,
rnds,rnds_lambda_shell,0.8,1.0,0.2,0.2,0.01,0.007272727272727273,6.636363636363637,10.0,True,,lambda_mismatch_vacuum_discontinuity,0.00015626427986796063,0.0004648164472293941,0.0,-0.0027272727272727275,inner_only,2.36619037897,
rnds,rnds_lambda_shell,0.8,1.0,0.2,0.2,0.01,0.00909090909090909,6.636363636363637,10.0,True,,lambda_mismatch_vacuum_discontinuity,0.000366514426831666,0.0001547966909986939,0.0,-0.0009090909090909097,inner_only,2.36619037897,
rnds,rnds_lambda_shell,0.8,1.0,0.2,0.2,0.01,0.01090909090909091,6.636363636363637,10.0,True,,lambda_mismatch_vacuum_discontinuity,0.000581782661592249,-0.00016755808637126672,0.0,0.0009090909090909097,inner_only,2.36619037897,
rnds,rnds_lambda_shell,0.8,1.0,0.2,0.2,0.01,0.012727272727272728,6.636363636363637,10.0,True,,lambda_mismatch_vacuum_discontinuity,0.000802446417105883,-0.0005035657482936323,0.0,0.0027272727272727275,inner_only,2.36619037897,
rnds,rnds_lambda_shell,0.8,1.0,0.2,0.2,0.01,0.014545454545454545,6.636363636363637,10.0,True,,lambda_mismatch_vacuum_discontinuity,0.0010289329554396133,-0.0008547724006363826,0.0,0.004545454545454545,inner_only,2.36619037897,
rnds,rnds_lambda_shell,0.8,1.0,0.2,0.2,0.01,0.016363636363636365,6.636363636363637,10.0,True,,lambda_mismatch_vacuum_discontinuity,0.001261729094912487,-0.0012230081375539685,0.0,0.006363636363636365,inner_only,2.36619037897,
rnds,rnds_lambda_shell,0.8,1.0,0.2,0.2,0.01,0.01818181818181818,6.636363636363637,10.0,True,,lambda_mismatch_vacuum_discontinuity,0.0015013935239298088,-0.001610460765934443,0.0,0.00818181818181818,inner_only,2.36619037897,
rnds,rnds_lambda_shell,0.8,1.0,0.2,0.2,0.01,0.02,6.636363636363637,10.0,True,,lambda_mismatch_vacuum_discontinuity,0.0017485725954787092,-0.002019774881688484,0.0,0.01,inner_only,2.36619037897,
rnds,rnds_lambda_shell,0.8,1.0,0.2,0.2,0.01,0.0,7.090909090909091,10.0,True,,lambda_mismatch_vacuum_discontinuity;negative_surface_energy_density,-0.0007668550770682715,0.0017116683962596336,0.0,-0.01,inner_only,2.36619037897,
rnds,rnds_lambda_shell,0.8,1.0,0.2,0.2,0.01,0.0018181818181818182,7.090909090909091,10.0,True,,lambda_mismatch_vacuum_discontinuity;negative_surface_energy_density,-0.0005629776279226703,0.0014239441901212312,0.0,-0.008181818181818182,inner_only,2.36619037897,
rnds,rnds_lambda_shell,0.8,1.0,0.2,0.2,0.01,0.0036363636363636364,7.090909090909091,10.0,True,,lambda_mismatch_vacuum_discontinuity;negative_surface_energy_density,-0.0003545346076133787,0.001125893437350822,0.0,-0.006363636363636364,inner_only,2.36619037897,
rnds,rnds_lambda_shell,0.8,1.0,0.2,0.2,0.01,0.005454545454545455,7.090909090909091,10.0,True,,lambda_mismatch_vacuum_discontinuity;negative_surface_energy_density,-0.00014120482643177558,0.0008165035005729811,0.0,-0.004545454545454545,inner_only,2.36619037897,
rnds,rnds_lambda_shell,0.8,1.0,0.2,0.2,0.01,0.007272727272727273,7.090909090909091,10.0,True,,lambda_mismatch_vacuum_discontinuity,7.737243015410005e-05,0.0004946001602904802,0.0,-0.0027272727272727275,inner_only,2.36619037897,
rnds,rnds_lambda_shell,0.8,1.0,0.2,0.2,0.01,0.00909090909090909,7.090909090909091,10.0,True,,lambda_mismatch_vacuum_discontinuity,0.00030160456578673975,0.0001588112737020646,0.0,-0.0009090909090909097,inner_only,2.36619037897,
rnds,rnds_lambda_shell,0.8,1.0,0.2,0.2,0.01,0.01090909090909091,7.090909090909091,10.0,True,,lambda_mismatch_vacuum_discontinuity,0.00053195459898343,-0.0001924803317717474,0.0,0.0009090909090909097,inner_only,2.36619037897,
rnds,rnds_lambda_shell,0.8,1.0,0.2,0.2,0.01,0.012727272727272728,7.090909090909091,10.0,True,,lambda_mismatch_vacuum_discontinuity,0.0007689524105393766,-0.0005611987698290006,0.0,0.0027272727272727275,inner_only,2.36619037897,
rnds,rnds_lambda_shell,0.8,1.0,0.2,0.2,0.01,0.014545454545454545,7.090909090909091,10.0,True,,lambda_mismatch_vacuum_discontinuity,0.001013209096279197,-0.0009496577243859496,0.0,0.004545454545454545,inner_only,2.36619037897,
rnds,rnds_lambda_shell,0.8,1.0,0.2,0.2,0.01,0.016363636363636365,7.090909090909091,10.0,True,,lambda_mismatch_vacuum_discontinuity,0.0012654355421430504,-0.0013606726389265504,0.0,0.006363636363636365,inner_only,2.36619037897,
rnds,rnds_lambda_shell,0.8,1.0,0.2,0.2,0.01,0.01818181818181818,7.090909090909091,10.0,True,,lambda_mismatch_vacuum_discontinuity,0.0015264668469570138,-0.001797716010871012,0.0,0.00818181818181818,inner_only,2.36619037897,
rnds,rnds_lambda_shell,0.8,1.0,0.2,0.2,0.01,0.02,7.090909090909091,10.0,True,,lambda_mismatch_vacuum_discontinuity,0.001797295013862988,-0.002265137107609129,0.0,0.01,inner_only,2.36619037897,
rnds,rnds_lambda_shell,0.8,1.0,0.2,0.2,0.01,0.0,7.545454545454545,10.0,True,,lambda_mismatch_vacuum_discontinuity;negative_surface_energy_density,-0.0008840630080580543,0.0018280248205721356,0.0,-0.01,inner_only,2.36619037897,
rnds,rnds_lambda_shell,0.8,1.0,0.2,0.2,0.01,0.0018181818181818182,7.545454545454545,10.0,True,,lambda_mismatch_vacuum_discontinuity;negative_surface_energy_density,-0.0006693724765041487,0.0015230833244614418,0.0,-0.008181818181818182,inner_only,2.36619037897,
rnds,rnds_lambda_shell,0.8,1.0,0.2,0.2,0.01,0.0036363636363636364,7.545454545454545,10.0,True,,lambda_mismatch_vacuum_discontinuity;negative_surface_energy_density,-0.0004493308433505557,0.0012058712353508966,0.0,-0.006363636363636364,inner_only,2.36619037897,
rnds,rnds_lambda_shell,0.8,1.0,0.2,0.2,0.01,0.005454545454545455,7.545454545454545,10.0,True,,lambda_mismatch_vacuum_discontinuity;negative_surface_energy_density,-0.00022351684708135178,0.0008750353620065021,0.0,-0.004545454545454545,inner_only,2.36619037897,
rnds,rnds_lambda_shell,0.8,1.0,0.2,0.2,0.01,0.007272727272727273,7.545454545454545,10.0,True,,lambda_mismatch_vacuum_discontinuity,8.549130224981396e-06,0.0005289784066534238,0.0,-0.0027272727272727275,inner_only,2.36619037897,
rnds,rnds_lambda_shell,0.8,1.0,0.2,0.2,0.01,0.00909090909090909,7.545454545454545,10.0,True,,lambda_mismatch_vacuum_discontinuity,0.00024741704952416807,0.00016579649482826607,0.0,-0.0009090909090909097,inner_only,2.36619037897,
rnds,rnds_lambda_shell,0.8,1.0,0.2,0.2,0.01,0.01090909090909091,7.545454545454545,10.0,True,,lambda_mismatch_vacuum_discontinuity,0.0004937225659798656,-0.00021680450978572968,0.0,0.0009090909090909097,inner_only,2.36619037897,
rnds,rnds_lambda_shell,0.8,1.0,0.2,0.2,0.01,0.012727272727272728,7.545454545454545,10.0,True,,lambda_mismatch_vacuum_discontinuity,0.0007482069764145908,-0.0006216231106703223,0.0,0.0027272727272727275,inner_only,2.36619037897,
rnds,rnds_lambda_shell,0.8,1.0,0.2,0.2,0.01,0.014545454545454545,7.545454545454545,10.0,True,,lambda_mismatch_vacuum_discontinuity,0.0010117435660455176,-0.0010521208940266593,0.0,0.004545454545454545,inner_only,2.36619037897,
rnds,rnds_lambda_shell,0.8,1.0,0.2,0.2,0.01,0.016363636363636365,7.545454545454545,10.0,True,,lambda_mismatch_vacuum_discontinuity,0.0012853730582385136,-0.0015126483494862192,0.0,0.006363636363636365,inner_only,2.36619037897,
rnds,rnds_lambda_shell,0.8,1.0,0.2,0.2,0.01,0.01818181818181818,7.545454545454545,10.0,True,,lambda_mismatch_vacuum_discontinuity,0.0015703523346490347,-0.0020087746103493445,0.0,0.00818181818181818,inner_only,2.36619037897,
rnds,rnds_lambda_shell,0.8,1.0,0.2,0.2,0.01,0.02,7.545454545454545,10.0,True,,lambda_mismatch_vacuum_discontinuity,0.0018682230550435628,-0.0025477836109280656,0.0,0.01,inner_only,2.36619037897,
rnds,rnds_lambda_shell,0.8,1.0,0.2,0.2,0.01,0.0,8.0,10.0,True,,lambda_mismatch_vacuum_discontinuity;negative_surface_energy_density,-0.000995082465756998,0.001951117676713393,0.0,-0.01,inner_only,2.36619037897,
rnds,rnds_lambda_shell,0.8,1.0,0.2,0.2,0.01,0.0018181818181818182,8.0,10.0,True,,lambda_mismatch_vacuum_discontinuity;negative_surface_energy_density,-0.0007694627410618103,0.0016288499278836008,0.0,-0.008181818181818182,inner_only,2.36619037897,
rnds,rnds_lambda_shell,0.8,1.0,0.2,0.2,0.01,0.0036363636363636364,8.0,10.0,True,,lambda_mismatch_vacuum_discontinuity;negative_surface_energy_density,-0.0005376076112644227,0.00129210802689078,0.0,-0.006363636363636364,inner_only,2.36619037897,
rnds,rnds_lambda_shell,0.8,1.0,0.2,0.2,0.01,0.005454545454545455,8.0,10.0,True,,lambda_mismatch_vacuum_discontinuity;negative_surface_energy_density,-0.0002989696151530772,0.0009391032785141622,0.0,-0.004545454545454545,inner_only,2.36619037897,
rnds,rnds_lambda_shell,0.8,1.0,0.2,0.2,0.01,0.007272727272727273,8.0,10.0,True,,lambda_mismatch_vacuum_discontinuity;negative_surface_energy_density,-5.291615904970516e-05,0.0005676832159032746,0.0,-0.0027272727272727275,inner_only,2.36619037897,
rnds,rnds_lambda_shell,0.8,1.0,0.2,0.2,0.01,0.00909090909090909,8.0,10.0,True,,lambda_mismatch_vacuum_discontinuity,0.00020129025717011319,0.00017522587613958568,0.0,-0.0009090909090909097,inner_only,2.36619037897,
rnds,rnds_lambda_shell,0.8,1.0,0.2,0.2,0.01,0.01090909090909091,8.0,10.0,True,,lambda_mismatch_vacuum_discontinuity,0.0004645181430284081,-0.00024150705011402487,0.0,0.0009090909090909097,inner_only,2.36619037897,
rnds,rnds_lambda_shell,0.8,1.0,0.2,0.2,0.01,0.012727272727272728,8.0,10.0,True,,lambda_mismatch_vacuum_discontinuity,0.0007378021167290049,-0.0006865788386560147,0.0,0.0027272727272727275,inner_only,2.36619037897,
rnds,rnds_lambda_shell,0.8,1.0,0.2,0.2,0.01,0.014545454545454545,8.0,10.0,True,,lambda_mismatch_vacuum_discontinuity,0.0010223911081784947,-0.0011651818495642102,0.0,0.004545454545454545,inner_only,2.36619037897,
rnds,rnds_lambda_shell,0.8,1.0,0.2,0.2,0.01,0.016363636363636365,8.0,10.0,True,,lambda_mismatch_vacuum_discontinuity,0.0013198161924864366,-0.0016840942942333663,0.0,0.006363636363636365,inner_only,2.36619037897,
rnds,rnds_lambda_shell,0.8,1.0,0.2,0.2,0.01,0.01818181818181818,8.0,10.0,True,,lambda_mismatch_vacuum_discontinuity,0.0016319888103603591,-0.002252390687421417,0.0,0.00818181818181818,inner_only,2.36619037897,
rnds,rnds_lambda_shell,0.8,1.0,0.2,0.2,0.01,0.02,8.0,10.0,True,,lambda_mismatch_vacuum_discontinuity,0.0019613478797808597,-0.0028825937531596767,0.0,0.01,inner_only,2.36619037897,
