rho,alpha,b,Iobs_over_I0,direct,lensing_ring,photon_ring,intersection_count,termination_reason,phi_end
0.0,0.0,0.0,0.0,0.0,0.0,0.0,0,axis,0.0
0.036585293746,0.0038750482060015143,0.0556352977379136,0,0.0,0.0,0.0,0,horizon,0.0197997384248358
0.073170587491,0.007749980039955116,0.11126808931286504,0,0.0,0.0,0.0,0,horizon,0.03960191011169406
0.109755881237,0.011624679151097932,0.16689586913088036,0,0.0,0.0,0.0,0,horizon,0.059408950271506805
0.146341174983,0.015499029230274495,0.2225161327219797,0,0.0,0.0,0.0,0,horizon,0.07922329801205659
0.182926468729,0.01937291403129937,0.27812637730979656,0,0.0,0.0,0.0,0,horizon,0.09904739838221636
0.219511762474,0.023246217391656075,0.3337241023711863,0,0.0,0.0,0.0,0,horizon,0.11888370406978445
0.25609705622,0.027118823253793504,0.38930681020376906,0,0.0,0.0,0.0,0,horizon,0.13873467762816544
0.292682349966,0.03099061568531663,0.4448720064767986,0,0.0,0.0,0.0,0,horizon,0.15860279366254626
0.329267643712,0.03486147890017954,0.50041720079546,0,0.0,0.0,0.0,0,horizon,0.17849054031268408
0.365852937457,0.03873129727917769,0.5559399072539892,0,0.0,0.0,0.0,0,horizon,0.19840042181697878
0.402438231203,0.042599955390999956,0.6114376449955519,0,0.0,0.0,0.0,0,horizon,0.2183349603690007
0.439023524949,0.0464673380121389,0.6669079387543088,0,0.0,0.0,0.0,0,horizon,0.23829669828872937
0.475608818694,0.05033333014766011,0.7223483194082261,0,0.0,0.0,0.0,0,horizon,0.25828820019463816
0.51219411244,0.0541978170518687,0.7777563245286686,0,0.0,0.0,0.0,0,horizon,0.278312055220269
0.548779406186,0.05806068424791386,0.8331294989128797,0,0.0,0.0,0.0,0,horizon,0.29837087927798916
0.585364699932,0.06192181754833031,0.8884653951278608,0,0.0,0.0,0.0,0,horizon,0.3184673173189748
0.621949993677,0.06578110307481713,0.943761574041136,0,0.0,0.0,0.0,0,horizon,0.3386040459746412
0.658535287423,0.06963842727851248,0.9990156053562932,0,0.0,0.0,0.0,0,horizon,0.3587837756309704
0.695120581169,0.0734936769590676,1.0542250681288539,0,0.0,0.0,0.0,0,horizon,0.37900925319306744
0.731705874915,0.07734673928462166,1.1093875512924423,0,0.0,0.0,0.0,0,horizon,0.3992832646587098
0.76829116866,0.0811975018109813,1.1645006541708136,0,0.0,0.0,0.0,0,horizon,0.41960863776724067
0.804876462406,0.0850458525012614,1.219561986993605,0,0.0,0.0,0.0,0,horizon,0.4399882448125239
0.841461756152,0.08889167974429465,1.2745691713914515,0,0.0,0.0,0.0,0,horizon,0.4604250054141752
0.878047049897,0.09273487237380233,1.3295198408988556,0,0.0,0.0,0.0,0,horizon,0.4809218899076629
0.914632343643,0.09657531968736977,1.384411641450988,0,0.0,0.0,0.0,0,horizon,0.5014819218793387
0.951217637389,0.1004129114642749,1.439242231860702,0,0.0,0.0,0.0,0,horizon,0.5221081817661728
0.987802931135,0.10424753798415824,1.494009284304063,0,0.0,0.0,0.0,0,horizon,0.542803810135239
1.02438822488,0.10807909004484684,1.5487104847901656,0,0.0,0.0,0.0,0,horizon,0.5635720112206215
1.060973518626,0.11190745898058307,1.6033435336329855,0,0.0,0.0,0.0,0,horizon,0.5844160564855148
1.097558812372,0.1157325366789764,1.6579061459011495,0,0.0,0.0,0.0,0,horizon,0.6053392886046555
1.134144106118,0.11955421559876539,1.7123960518753243,0,0.0,0.0,0.0,0,horizon,0.626345125375073
1.170729399863,0.12337238878670832,1.7668109974891062,0,0.0,0.0,0.0,0,horizon,0.6474370639412705
1.207314693609,0.12718694989485066,1.8211487447711279,0,0.0,0.0,0.0,0,horizon,0.6686186852022777
1.243899987355,0.13099779319649293,1.8754070722643932,0,0.0,0.0,0.0,0,horizon,0.6898936584341618
1.2804852811,0.13480481360283691,1.9295837754509406,0,0.0,0.0,0.0,0,horizon,0.7112657461537822
1.317070574846,0.1386079066793622,1.9836766671682258,0,0.0,0.0,0.0,0,horizon,0.732738809307938
1.353655868592,0.14240696866099406,2.037683578003798,0,0.0,0.0,0.0,0,horizon,0.7543168123739243
1.390241162338,0.14620189646803358,2.0916023566962303,0,0.0,0.0,0.0,0,horizon,0.7760038294668541
1.426826456083,0.14999258772118046,2.145430870518484,0,0.0,0.0,0.0,0,horizon,0.7978040500524624
1.463411749829,0.15377894075688944,2.1991670056612738,0,0.0,0.0,0.0,0,horizon,0.8197217853572941
1.499997043575,0.15756085464139813,2.252808667592762,0,0.0,0.0,0.0,0,horizon,0.8417614750623813
1.536582337321,0.16133822918549337,2.306353781423878,0,0.0,0.0,0.0,0,horizon,0.8639276943982342
1.573167631066,0.16511096495835503,2.3598002922556325,0,0.0,0.0,0.0,0,horizon,0.8862251615092306
1.609752924812,0.1688789633017129,2.4131461655258697,0,0.0,0.0,0.0,0,horizon,0.9086587460379038
1.646338218558,0.1726421263426635,2.466389387332031,0,0.0,0.0,0.0,0,horizon,0.9312334766584032
1.682923512304,0.17640035700720497,2.519527964759009,0,0.0,0.0,0.0,0,horizon,0.9539545506995243
1.719508806049,0.18015355903283747,2.572559926188664,0,0.0,0.0,0.0,0,horizon,0.97682734362633
1.756094099795,0.18390163698145992,2.6254833216083764,0,0.0,0.0,0.0,0,horizon,0.9998574189611722
1.792679393541,0.1876444962509188,2.678296222895371,0,0.0,0.0,0.0,0,horizon,1.0230505397282763
1.829264687286,0.19138204308715573,2.730996724104298,0,0.0,0.0,0.0,0,horizon,1.0464126791522155
1.865849981032,0.1951141845960251,2.7835829417449056,0,0.0,0.0,0.0,0,horizon,1.0699500339790178
1.902435274778,0.19884082875386297,2.8360530150368515,0,0.0,0.0,0.0,0,horizon,1.0936690371980085
1.939020568524,0.2025618844187462,2.888405106168983,0,0.0,0.0,0.0,0,horizon,1.1175763723385082
1.975605862269,0.2062772613408055,2.9406374005399987,0,0.0,0.0,0.0,0,horizon,1.1416789881855776
2.012191156015,0.20998687017281314,2.992748106997683,0,0.0,0.0,0.0,0,horizon,1.1659841169134406
2.048776449761,0.2136906224794187,3.044735458053838,0,0.0,0.0,0.0,0,horizon,1.1904992892674482
2.085361743507,0.21738843074706302,3.0965977101034614,0,0.0,0.0,0.0,0,horizon,1.2152323543678971
2.121947037252,0.22108020839294495,3.1483331436253224,0,0.0,0.0,0.0,0,horizon,1.2401915012778357
2.158532330998,0.2247658697742545,3.199940063380994,0,0.0,0.0,0.0,0,horizon,1.265385277208514
2.195117624744,0.2284453301960577,3.251416798589714,0,0.0,0.0,0.0,0,horizon,1.290822615713615
2.231702918489,0.23211850591974983,3.3027617031059693,0,0.0,0.0,0.0,0,horizon,1.3165128593145012
2.268288212235,0.23578531417116635,3.3539731555870267,0,0.0,0.0,0.0,0,horizon,1.3424657879664945
2.304873505981,0.23944567314745013,3.4050495596378774,0,0.0,0.0,0.0,0,horizon,1.3686916488299676
2.341458799727,0.24309950202458389,3.45598934396029,0,0.0,0.0,0.0,0,horizon,1.3952011887774252
2.378044093472,0.24674672096398115,3.5067909624835636,0,0.0,0.0,0.0,0,horizon,1.4220056880199792
2.414629387218,0.25038725111933785,3.557452894493782,0,0.0,0.0,0.0,0,horizon,1.4491170049142585
2.451214680964,0.25402101464214943,3.607973644739394,0,0.0,0.0,0.0,0,horizon,1.4765476084255105
2.48779997471,0.2576479346878887,3.6583517435409543,0,0.0,0.0,0.0,0,horizon,1.5043106299060647
2.524385268455,0.261267935421251,3.708585746882876,0,0.0,0.0,0.0,0,horizon,1.5324199115470236
2.560970562201,0.2648809420216598,3.7586742365038495,0,0.0,0.0,0.0,0,horizon,1.5608900610779428
2.597555855947,0.268486880687451,3.808615819964002,0,0.0,0.0,0.0,0,horizon,1.589736511770132
2.634141149692,0.27208567864061906,3.8584091307150095,0,0.0,0.0,0.0,0,horizon,1.618975588392156
2.670726443438,0.27567726413122945,3.9080528281607667,0,0.0,0.0,0.0,0,horizon,1.648624579834917
2.707311737184,0.27926156644062333,3.957545597696595,0,0.0,0.0,0.0,0,horizon,1.6787018136472238
2.74389703093,0.2828385158852797,4.00688615075287,0,0.0,0.0,0.0,0,horizon,1.7092267668275227
2.780482324675,0.28640804381976825,4.056073224821465,0,0.0,0.0,0.0,0,horizon,1.7402201409041904
2.817067618421,0.28997008263996854,4.105105583481285,0,0.0,0.0,0.0,0,horizon,1.7717039484562662
2.853652912167,0.2935245657849984,4.153982016401542,0,0.0,0.0,0.0,0,horizon,1.8037017053170892
2.890238205913,0.2970714277398044,4.202701339349732,0,0.0,0.0,0.0,0,horizon,1.8362385015710208
2.926823499658,0.300610604036858,4.25126239418294,0,0.0,0.0,0.0,0,horizon,1.8693411786186094
2.963408793404,0.30414203125812567,4.299664048838633,0,0.0,0.0,0.0,0,horizon,1.903038494765597
2.99999408715,0.30766564703576826,4.3479051973038265,0,0.0,0.0,0.0,0,horizon,1.9373613157690421
3.036579380895,0.3111813900534116,4.395984759587952,0,0.0,0.0,0.0,0,horizon,1.9723428291381142
3.073164674641,0.31468920004711703,4.44390168168756,0,0.0,0.0,0.0,0,horizon,2.0080187872377833
3.109749968387,0.3181890178051946,4.491654935531232,0,0.0,0.0,0.0,0,horizon,2.044427782365246
3.146335262133,0.32168078516868875,4.5392435189298075,0,0.0,0.0,0.0,0,horizon,2.0816115599806024
3.182920555878,0.32516444503100206,4.586666455511044,0,0.0,0.0,0.0,0,horizon,2.1196153762955023
3.219505849624,0.32863994133781027,4.633922794654515,0,0.0,0.0,0.0,0,horizon,2.1584884179722676
3.25609114337,0.3321072190857476,4.681011611406148,0,0.0,0.0,0.0,0,horizon,2.1982842236032756
3.292676437116,0.33556622432177147,4.727932006398475,0,0.0,0.0,0.0,0,horizon,2.239061328440056
3.329261730861,0.33901690414168767,4.774683105756004,0,0.0,0.0,0.0,0,horizon,2.280883795205006
3.338408054298,0.3398782671505382,4.786344328165864,0,0.0,0.0,0.0,0,horizon,2.2915108467438
3.365847024607,0.3424592066889777,4.821264061001327,0,0.0,0.0,0.0,0,horizon,2.3238220144298607
3.402432318353,0.34589308115242273,4.867674048941643,0,0.0,0.0,0.0,0,horizon,2.3679535023399385
3.439017612098,0.3493184777643216,4.913912271560159,0,0.0,0.0,0.0,0,horizon,2.4133639945957457
3.475602905844,0.35273534779845434,4.95997795590093,0,0.0,0.0,0.0,0,horizon,2.4601485953393976
3.51218819959,0.35614364356695616,5.005870353935987,0,0.0,0.0,0.0,0,horizon,2.508413219809403
3.514842281281,0.35639056369568073,5.009192858796216,0,0.0,0.0,0.0,0,horizon,2.5119752555578736
3.548773493336,0.35954331841788734,5.051588742438966,0,0.0,0.0,0.0,0,horizon,2.558276288017614
3.585358787081,0.3629343267320043,5.097132422845134,0,0.0,0.0,0.0,0,horizon,2.6098708696437884
3.621944080827,0.3663166239198548,5.142500721113058,0,0.0,0.0,0.0,0,horizon,2.6633470829076233
3.658529374573,0.36969016641771923,5.187692987568136,0,0.0,0.0,0.0,0,horizon,2.718875273029062
3.663302962839,0.3701296927197857,5.193576583677547,0,0.0,0.0,0.0,0,horizon,2.7262817028618977
3.695114668319,0.37305491168425614,5.232708596753051,0,0.0,0.0,0.0,0,horizon,2.7766497014425933
3.731699962064,0.37641081819637445,5.277546947265408,0,0.0,0.0,0.0,0,horizon,2.8368934368615046
3.76828525581,0.3797578454454438,5.322207461597539,0,0.0,0.0,0.0,0,horizon,2.8998642470782947
3.788225288545,0.38157831844450746,5.34647364544832,0.03772547862164986,0.03772547862164986,0.0,0.0,1,horizon,2.935438586841653
3.804870549556,0.38309595393237933,5.366689585959004,0.03798428851154706,0.03798428851154706,0.0,0.0,1,horizon,2.965862271329691
3.841455843301,0.3864251051633509,5.410992790105279,0.0385253396973187,0.0385253396973187,0.0,0.0,1,horizon,3.035239745294172
3.878041137047,0.3897452616452887,5.455116567161629,0.03902943518630943,0.03902943518630943,0.0,0.0,1,horizon,3.1084142262417678
3.893341251208,0.3911310880380127,5.4735159793883845,0.03922965265779694,0.03922965265779694,0.0,0.0,1,horizon,3.1402582134582704
3.914626430793,0.39305638688037897,5.499060433431562,0.039498084883251156,0.039498084883251156,0.0,0.0,1,horizon,3.185885423348988
3.951211724539,0.3963584453612805,5.542823928212993,0.039932766983442426,0.039932766983442426,0.0,0.0,1,horizon,3.2682583711815316
3.981791138321,0.3991114531011174,5.579264456869417,0.04027107746227208,0.04027107746227208,0.0,0.0,1,horizon,3.341403275989337
3.987797018284,0.3996514025656142,5.586406613602936,0.040334923855598476,0.040334923855598476,0.0,0.0,1,horizon,3.3562757766091726
4.02438231203,0.40293522495081396,5.629808074305276,0.04070595889071701,0.04070595889071701,0.0,0.0,1,horizon,3.4508630080623797
4.056217346599,0.4057852155355865,5.6674264969272015,0.04100455686351577,0.04100455686351577,0.0,0.0,1,horizon,3.5394201692638725
4.060967605776,0.40620987994790564,5.673027917422735,0.041047234092313256,0.041047234092313256,0.0,0.0,1,horizon,3.553193625157846
4.097552899522,0.4094753359560177,5.716065772256994,0.041360068650117675,0.041360068650117675,0.0,0.0,1,horizon,3.6647871630226865
4.11884332227,0.4113713869252389,5.741027286734069,0.04152953542795789,0.04152953542795789,0.0,0.0,1,horizon,3.7347635811485054
4.134138193267,0.4127315623361896,5.758921290098084,0.0416457381615344,0.0416457381615344,0.0,0.0,1,horizon,3.7876604305347668
4.170723487013,0.4159785294055569,5.801594144017397,0.04190547385575884,0.04190547385575884,0.0,0.0,1,horizon,3.924571870756535
4.171539985442,0.4160508882859012,5.802544416396093,0.04191098388276826,0.04191098388276826,0.0,0.0,1,horizon,3.927814824353465
4.207308780759,0.4192162084304933,5.844084028645684,0.04214046234492098,0.04214046234492098,0.0,0.0,1,horizon,4.079437479077677
4.215881622913,0.41997353074922245,5.854013971559568,0.042192070960844576,0.042192070960844576,0.0,0.0,1,horizon,4.118895798997752
4.243894074505,0.42244457162049515,5.88639065995966,0.04235184582470709,0.04235184582470709,0.0,0.0,1,horizon,4.2580868920414785
4.253192919213,0.42326363317067356,5.897114451022282,0.04240194314254576,0.04240194314254576,0.0,0.0,1,horizon,4.308279769909664
4.28047936825,0.4256635921213889,5.92851377505861,0.04254072297253462,0.04254072297253462,0.0,0.0,1,horizon,4.469759963245641
4.284588530899,0.4260245591693416,5.933233456619295,0.04256057819411976,0.04256057819411976,0.0,0.0,1,horizon,4.496199521663946
4.311006386372,0.42834239581098926,5.963520964638443,0.04268186331786039,0.04268186331786039,0.0,0.0,1,horizon,4.682855386922086
4.317064661996,0.4288732440089295,5.9704531319450975,0.042708149338059574,0.042708149338059574,0.0,0.0,1,horizon,4.73043415827658
4.333235706022,0.4302889481287356,5.988932102028144,0.0427755813218351,0.0427755813218351,0.0,0.0,1,horizon,4.868417463939518
4.3519405798,0.4319241860521756,6.010261671568528,0.04284871086265263,0.04284871086265263,0.0,0.0,1,horizon,5.053034347621452
4.353649955742,0.4320735022813856,6.0122085092914865,0.04285513772824117,0.04285513772824117,0.0,0.0,1,horizon,5.071562791743369
4.367679806575,0.43329825106602393,6.02817215357038,0.042906289828758305,0.042906289828758305,0.0,0.0,1,horizon,5.236832978042258
4.380923587979,0.4344531072536899,6.043216519814597,0.04295199765034596,0.04295199765034596,0.0,0.0,1,horizon,5.419923346566554
4.390235249487,0.4352643428527884,6.053779706214317,0.04298265971301802,0.04298265971301802,0.0,0.0,1,horizon,5.570189655398557
4.392067575443,0.4354239038060024,6.055856897978725,0.04298855155511794,0.04298855155511794,0.0,0.0,1,horizon,5.602400609705034
4.40144469009,0.4362401024219971,6.066479898465414,0.043017979902978815,0.043017979902978815,0.0,0.0,1,horizon,5.784347156127256
4.409335068592,0.4369264123721892,6.075409242492254,0.04304181292225258,0.04304181292225258,0.0,0.0,1,horizon,5.965834365881013
4.415974432111,0.4375035676419487,6.082916197336628,0.04306121574065913,0.04306121574065913,0.0,0.0,1,horizon,6.146924099645881
4.421561128355,0.43798897399064196,6.089228221854601,0.04307708555635493,0.04307708555635493,0.0,0.0,1,horizon,6.327669978357213
4.426262057115,0.43839724854113565,6.094536145373228,0.04309011793313169,0.04309011793313169,0.0,0.0,1,horizon,6.5081184793334135
4.426820543233,0.4384457425460542,6.095166542046222,0.04309164681167219,0.04309164681167219,0.0,0.0,1,horizon,6.531764000532359
4.430217656319,0.43874067035571446,6.0990001404232705,0.043100858232031955,0.043100858232031955,0.0,0.0,1,horizon,6.688309884233902
4.433546097539,0.439029557115809,6.102754700327516,0.04310973668378868,0.04310973668378868,0.0,0.0,1,horizon,6.8682790948484005
4.436346816314,0.4392725803379885,6.105912793486519,0.04311709531102204,0.04311709531102204,0.0,0.0,1,horizon,7.048056350158513
4.438703482735,0.439477029376631,6.108569334823801,0.04312320806300642,0.04312320806300642,0.0,0.0,1,horizon,7.227667836211307
4.440686501048,0.4396490326936393,6.110804089715472,0.04312829580630781,0.04312829580630781,0.0,0.0,1,horizon,7.407136221924201
4.442355112945,0.4397937434252233,6.112684105373891,0.043132537543341946,0.043132537543341946,0.0,0.0,1,horizon,7.58648062851539
4.443759167383,0.4399154950877069,6.114265748151199,0.04313607893548912,0.04313607893548912,0.0,0.0,1,horizon,7.7657189348554665
4.444940609796,0.4400179322843995,6.115596411742639,0.043139039178497686,0.043139039178497686,0.0,0.0,1,horizon,7.94486613435726
4.445934735193,0.44010412046820396,6.116715950246794,0.04314151617901168,0.04314151617901168,0.0,0.0,1,horizon,8.123933631864883
4.446771242579,0.4401766381451435,6.117657880965248,0.043143590614710806,0.043143590614710806,0.0,0.0,1,horizon,8.302933023504702
4.447475122198,0.44023765434830353,6.1184503943385,0.04314532919400333,0.04314532919400333,0.0,0.0,1,horizon,8.481873798351382
4.448067402108,0.4402889937502139,6.119117202231657,0.043146787200766895,0.043146787200766895,0.0,0.0,1,horizon,8.660764201026371
4.448565776378,0.44033219139536645,6.119678250631568,0.04314801055442188,0.04314801055442188,0.0,0.0,1,horizon,8.839611283376042
4.448985133694,0.44036853871638104,6.120150318589609,0.04314903748588105,0.04314903748588105,0.0,0.0,1,horizon,9.018421333287238
4.449338002148,0.44039912222587974,6.120547521651631,0.043149899853868426,0.043149899853868426,0.0,0.0,1,horizon,9.197199483169696
4.449634923511,0.44042485605449155,6.120881735090449,0.04315062425949301,0.04315062425949301,0.0,0.0,1,horizon,9.375950349969205
4.449884768163,0.44044650931580936,6.121162949760244,0.043151232937293504,0.043151232937293504,0.0,0.0,1,horizon,9.554677863168866
4.450095000088,0.44046472912249085,6.121399571334224,0.04315174449111332,0.04315174449111332,0.0,0.0,1,horizon,9.733385385927866
4.450271899862,0.4404800599468407,6.121598671970591,0.04315217450057084,0.04315217450057084,0.0,0.0,1,horizon,9.912076093513475
4.450420752279,0.44049295990618287,6.121766201972026,0.04315253602235737,0.04315253602235737,0.0,0.0,1,horizon,10.090751485526182
4.45054600423,0.4405038144627689,6.12190716781937,0.04315284000566972,0.04315284000566972,0.0,0.0,1,horizon,10.269414926098076
4.450651397556,0.4405129479495747,6.12202578193603,0.04315309563727864,0.04315309563727864,0.0,0.0,1,horizon,10.448067666381615
4.450740080831,0.4405206332663864,6.122125588665978,0.043153310628680656,0.043153310628680656,0.0,0.0,1,horizon,10.626711308695416
4.450814703424,0.44052710003751566,6.122209570256141,0.04315349145546945,0.04315349145546945,0.0,0.0,1,horizon,10.805347200010244
4.450877494647,0.44053254147518517,6.122280236017525,0.04315364355715596,0.04315364355715596,0.0,0.0,1,horizon,10.983976489862217
4.450930330358,0.4405371201544384,6.12233969734209,0.04315377150418594,0.04315377150418594,0.0,0.0,1,horizon,11.162600157234678
4.450974788998,0.4405409728714665,6.122389730810192,0.043153879137661506,0.043153879137661506,0.0,0.0,1,horizon,11.341215749622181
4.451012198745,0.440544214731479,6.122431831288138,0.04315396968634789,0.04315396968634789,0.0,0.0,1,horizon,11.519829726212189
4.451043677199,0.4405469425888491,6.122467256610945,0.04315404586474508,0.04315404586474508,0.0,0.0,1,horizon,11.698448263462133
4.451070164761,0.44054923794046025,6.122497065161931,0.04315410995529283,0.04315410995529283,0.0,0.0,1,horizon,11.877045980130758
4.451092452736,0.4405511693616074,6.122522147510141,0.04315416387738044,0.04315416387738044,0.0,0.0,1,horizon,12.055649460888247
4.451111206966,0.44055279455437085,6.12254325301408,0.043154209245238134,0.043154209245238134,0.0,0.0,1,horizon,12.234250235665733
4.451126987723,0.4405541620717732,6.122561012214224,0.04315424741656639,0.04315424741656639,0.0,0.0,1,horizon,12.412848492415245
4.45114026645,0.44055531276870724,6.122575955676728,0.04315427953338829,0.04315427953338829,0.0,0.0,1,horizon,12.591443893173347
4.451151439842,0.4405562810222959,6.1225885298424725,0.04315430655636073,0.04315430655636073,0.0,0.0,1,horizon,12.770037340263523
4.4511608417,0.4405570957592261,6.122599110369115,0.04315432929362329,0.04315432929362329,0.0,0.0,1,horizon,12.948628348824876
4.451168752898,0.44055778131952833,6.122608013348972,0.04315434842502933,0.04315434842502933,0.0,0.0,1,horizon,13.12721671784273
4.451175409781,0.44055835818437306,6.122615504760811,0.04315436452254488,0.04315436452254488,0.0,0.0,1,horizon,13.305802163263897
4.451181011218,0.4405588435872962,6.122621808407717,0.04315437806736759,0.04315437806736759,0.0,0.0,1,horizon,13.484384214898494
4.451185724551,0.4405592520297461,6.12262711261237,0.04315438946435749,0.04315438946435749,0.0,0.0,1,horizon,13.662962314783684
4.451189690588,0.4405595957137792,6.122631575836319,0.043154399054141944,0.043154399054141944,0.0,0.0,1,horizon,13.841535680567178
4.451193027811,0.44055988490672354,6.122635331415742,0.043154407123313164,0.043154407123313164,0.0,0.0,1,horizon,14.02010324762396
4.45119583592,0.44056012824830004,6.122638491549904,0.04315441391301366,0.04315441391301366,0.0,0.0,1,horizon,14.198664022290082
4.451198198805,0.4405603330081721,6.122641150645845,0.043154419626133124,0.043154419626133124,0.0,0.0,1,horizon,14.377216227539213
4.451200187056,0.4405605053034586,6.122643388143122,0.04315442443338562,0.04315442443338562,0.0,0.0,1,horizon,14.55575817161907
4.451201860071,0.4405606502814094,6.122645270886129,0.04315442847841195,0.04315442847841195,0.0,0.0,1,horizon,14.734287735490675
4.45120326783,0.44056077227313645,6.122646855120527,0.04315443188207282,0.04315443188207282,0.0,0.0,1,horizon,14.91280240198278
4.45120445239,0.44056087492316737,6.122648188175687,0.04315443474606644,0.04315443474606644,0.0,0.0,1,horizon,15.09129951311701
4.451205449138,0.44056096129802724,6.122649309874792,0.04315443715595984,0.04315443715595984,0.0,0.0,1,horizon,15.269775832245198
4.451206287853,0.4405610339782685,6.122650253729965,0.043154439183758046,0.043154439183758046,0.0,0.0,1,horizon,15.448228401623894
4.451210739064,0.44056141970526685,6.122655262937107,0.04315444994550227,0.04315444994550227,0.0,0.0,1,horizon,22.941805116225247
4.451215190274,0.44056180543203827,6.122660272140393,0.043154460706986746,0.043154460706986746,0.0,0.0,1,horizon,14.633968119970007
4.451216028989,0.44056187811222175,6.122661215994441,0.04315446273468103,0.04315446273468103,0.0,0.0,1,horizon,14.694944821249411
4.451217025738,0.4405619644870865,6.122662337693076,0.04315446514660419,0.04315446514660419,0.0,0.0,1,horizon,16.279615058308202
4.451218210297,0.4405620671369155,6.122663670744866,0.04315446801029933,0.04315446801029933,0.0,0.0,1,horizon,16.1010201505424
4.451219618057,0.4405621891285662,6.122665254977215,0.04315447141357198,0.04315447141357198,0.0,0.0,1,horizon,15.922422246824965
4.451221291071,0.4405623341062001,6.122667137714613,0.043154475458074486,0.043154475458074486,0.0,0.0,1,horizon,15.743832013981432
4.451223279322,0.44056250640116146,6.122669375205555,0.043154480263718126,0.043154480263718126,0.0,0.0,1,horizon,15.56524970754774
4.451225642207,0.4405627111605743,6.122672034292552,0.04315448597599905,0.04315448597599905,0.0,0.0,1,horizon,15.386604317650841
4.451228450316,0.44056295450150235,6.122675194414081,0.043154492764530906,0.043154492764530906,0.0,0.0,1,horizon,15.20803525729023
4.45123178754,0.4405632436936175,6.122678949976787,0.043154500832036646,0.043154500832036646,0.0,0.0,1,horizon,15.029479253139339
4.451235753576,0.4405635873762703,6.122683413174413,0.04315451041960482,0.04315451041960482,0.0,0.0,1,horizon,14.850892685955763
4.451240466909,0.44056399581689326,6.122688717343476,0.043154521813384764,0.043154521813384764,0.0,0.0,1,horizon,14.672301409557512
4.451246068347,0.44056448121732267,6.1226950209412445,0.043154535353548594,0.043154535353548594,0.0,0.0,1,horizon,14.493715684112882
4.451252725229,0.4405650580784363,6.122702512280967,0.08102577028472038,0.04315455144166256,0.0,0.03787121884305783,2,horizon,14.315127275976735
4.451260636428,0.44056574363367823,6.122711415161686,0.0815489792363695,0.04315457056378754,0.0,0.03839440867258197,2,horizon,14.136539217198157
4.451270038285,0.44056655836325215,6.122721995545595,0.08213531926186239,0.043154593287960195,0.0,0.038980725973902196,2,horizon,13.957950330289155
4.451281211678,0.44056752660666043,6.122734569512467,0.08278221362938419,0.043154620292470317,0.0,0.039627593336913874,2,horizon,13.779359685848327
4.451294490405,0.44056867728909355,6.122749512692498,0.08348110257535135,0.04315465238322659,0.0,0.04032645019212476,2,horizon,13.600762195639179
4.451310271162,0.4405700447860156,6.122767271493695,0.08421414574929861,0.04315469051774434,0.0,0.04105945523155427,2,horizon,13.422129820277274
4.451329025391,0.4405716699497671,6.122788376433054,0.08495003827472178,0.04315473583360178,0.0,0.04179530244112,2,horizon,13.243424636061558
4.451351313366,0.44057360133006146,6.122813457985469,0.08563851263722254,0.04315478968223492,0.0,0.04248372295498762,2,horizon,13.064535545677533
4.451377800929,0.440575896624061,6.12284326541364,0.0861982438663833,0.04315485366903452,0.0,0.04304339019734879,2,horizon,12.887052296067326
4.451409279382,0.44057862439985407,6.122878689147922,0.08652826076195409,0.04315492970081222,0.0,0.04337333106114187,2,horizon,12.70791998510274
4.45144668913,0.44058186614485995,6.122920787385021,0.08647021879876171,0.04315502004332083,0.0,0.043315198755440876,2,horizon,12.52935022724877
4.451491147769,0.44058571869924945,6.12297081768555,0.08582518343084695,0.043155127383247324,0.0,0.04267005604759963,2,horizon,12.35078336672164
4.45154398348,0.4405902971489222,6.123030274537977,0.08434231658060073,0.043155254913785975,0.0,0.04118706166681477,2,horizon,12.172219587982914
4.451606774703,0.4405957382623435,6.123100933983135,0.04315540643081818,0.04315540643081818,0.0,0.0,1,max_phi,37.69911184307752
4.451681397296,0.4406022045755202,6.12318490665256,0.07766120636086697,0.04315558643200851,0.0,0.034505619928858464,2,horizon,11.815031901205849
4.451770080571,0.4406098892455419,6.1232847007832945,0.07186762212991879,0.04315580025756804,0.0,0.028711821872350746,2,horizon,11.636728625959092
4.451875473897,0.4406190218188529,6.123403297105436,0.06416653758818969,0.04315605424161538,0.0,0.0210104833465743,2,horizon,11.458033235825447
4.452000725849,0.44062987508535,6.123544237821793,0.04315635589986597,0.04315635589986597,0.0,0.0,1,horizon,11.279501418484262
4.452149578265,0.440642773222424,6.1237117323267265,0.08126297957066923,0.043156714136081756,0.0,0.03810626543458748,2,horizon,11.100975024154117
4.452326478039,0.4406581014732134,6.123910782831147,0.0818079562397017,0.043157139502850536,0.0,0.03865081673685117,2,horizon,10.922289678809381
4.452536709965,0.44067631764520954,6.124147333602326,0.0824217388732961,0.04315764449980112,0.0,0.039264094373494984,2,horizon,10.743967567569218
4.452786554616,0.4406979657728654,6.124428448270971,0.08308993024392677,0.043158243921345464,0.0,0.03993168632258132,2,horizon,10.565469298261267
4.453083475979,0.44072369235106484,6.1247625204746114,0.08380381333257135,0.043158955255764964,0.0,0.04064485807680639,2,horizon,10.386940870352916
4.453436344433,0.4407542656204333,6.12515952406293,0.04315979916894246,0.04315979916894246,0.0,0.0,1,max_phi,37.69911184307752
4.453855701749,0.44079059847878527,6.125631310294001,0.08526151427191621,0.04316080003875888,0.0,0.04210071423315733,2,horizon,10.029735263036363
4.454354076019,0.44083377569757615,6.126191960796435,0.08591257678364647,0.04316198659893082,0.0,0.04275059018471565,2,horizon,9.849107097315063
4.454946355929,0.44088508625028616,6.126858206718542,0.08637369961703795,0.04316339264106121,0.0,0.04321030697597674,2,horizon,9.678088692752713
4.455650235549,0.4409460617083256,6.127649926392347,0.08657150135068667,0.04316505783522112,0.0,0.04340644351546554,2,horizon,9.495377413497799
4.456486742934,0.44101852183863083,6.128590736125629,0.08630110703897564,0.043167028633194014,0.0,0.04313407840578163,2,horizon,9.317419971692908
4.457480868331,0.4411046287464951,6.129708691406556,0.08535142868018523,0.043169359266210655,0.0,0.04218206941397458,2,horizon,9.139142598501675
4.458662310744,0.44120695115301467,6.131037118930791,0.08345734217291959,0.04317211280759489,0.0,0.04028522936532469,2,horizon,8.961053103048481
4.460066365182,0.44132854069146876,6.1326156035961725,0.08031678255530753,0.043175362279243915,0.0,0.037141420276063604,2,horizon,8.783040682989341
4.46173497708,0.4414730224471064,6.134491158893405,0.07562338193016993,0.04317919173220998,0.0,0.032444190197959945,2,horizon,8.60513465282887
4.463405836979,0.44161767908520116,6.13636885609538,0.04318299125168089,0.04318299125168089,0.0,0.0,1,horizon,8.45335359648865
4.463717995392,0.4416447023695445,6.136719614188051,0.06912996100090893,0.04318369721037516,0.0,0.02594626379053376,2,horizon,8.427314151146598
4.466074661813,0.44184869466181553,6.139367258288447,0.09877719925665412,0.04318898744982967,0.03797611265785733,0.017612099148967122,3,horizon,8.249645563559351
4.468875380588,0.4420910727981845,6.14251278543501,0.08160486788037116,0.043195184288675345,0.03840968359169581,0.0,2,horizon,8.072102808261604
4.472203821808,0.44237904847157294,6.146249597739216,0.08210184508152005,0.04320242195988183,0.03889942312163821,0.0,2,horizon,7.894725120038465
4.476159421012,0.44272118351386025,6.1506885269921145,0.08265657032216563,0.04321084493476069,0.039445725387404935,0.0,2,horizon,7.717533991755948
4.480860349773,0.4431276406943907,6.155961048899606,0.08326571500164234,0.04322060408761049,0.040045110914031845,0.0,2,horizon,7.540565385501751
4.486447046016,0.44361048028706634,6.162223074102755,0.08392008668259422,0.043231850529706115,0.04068823615288811,0.0,2,horizon,7.3638381594846045
4.493086409535,0.4441840104138965,6.169659412752134,0.084601697606463,0.043244722988502224,0.04135697461796078,0.0,2,horizon,7.187392628019975
4.499991130725,0.4447801310883278,6.17738650741428,0.08520300968534106,0.04325754684659271,0.041945462838748344,0.0,2,horizon,7.031659398487584
4.500976788037,0.4448652004251713,6.178489022707635,0.08528011517817927,0.0432593309784187,0.04202078419976056,0.0,2,horizon,7.011266287265375
4.510353902684,0.4456741679617138,6.188971165257595,0.08590778307587096,0.043275727426869345,0.04263205564900161,0.0,2,horizon,6.8355039777505375
4.521497890148,0.44663475183546886,6.201412605748627,0.08641454200628529,0.0432938696520416,0.04312067235424369,0.0,2,horizon,6.660154341768088
4.534741671552,0.447775184424945,6.216176008540321,0.08670175990785746,0.04331356137943856,0.0433881985284189,0.0,2,horizon,6.485268479812987
4.53657642447,0.44793307805995636,6.218219374559681,0.16473924663171352,0.043316131200136665,0.040474371810525614,0.08094874362105123,4,max_phi,37.69911184307752
4.550480898328,0.44912887883382446,6.233689684285794,0.0866369317240909,0.04333437193345985,0.043302559790631044,0.0,2,horizon,6.31090688917863
4.569185772105,0.4507353474699467,6.25445884962653,0.0860504091900474,0.043355522952505325,0.04269488623754208,0.0,2,horizon,6.137132018332988
4.573161718216,0.4510765003837914,6.25886735535752,0.08586143716739211,0.043359526450898314,0.04250191071649379,0.0,2,horizon,6.103837898669148
4.591415091755,0.4526412697695595,6.27907855058473,0.084736534200506,0.043375731763814374,0.04136080243669163,0.0,2,horizon,5.964010052836781
4.609747011962,0.45421037931451536,6.299330366654939,0.08323039293486201,0.043388479874055544,0.039841913060806464,0.0,2,horizon,5.841213704465952
4.617832947228,0.45490172718638155,6.3082483744376825,0.08246230997814141,0.043393002355545725,0.03906930762259569,0.0,2,horizon,5.791612882860949
4.646332305708,0.45733469697035195,6.339608344081979,0.07933633140367476,0.043403706338706514,0.03593262506496824,0.0,2,horizon,5.63462731885452
4.649228558914,0.4575816228087827,6.342789021079354,0.0789871729285668,0.04340434586148721,0.03558282706707959,0.0,2,horizon,5.620014210976453
4.682917599453,0.46044943632502056,6.3797012418051455,0.07459996433530024,0.04340588913301065,0.03119407520228959,0.0,2,horizon,5.464590067380058
4.686539855214,0.46075730032013484,6.383660709665506,0.07409872921176258,0.04340542053040945,0.030693308681353133,0.0,2,horizon,5.449286455077022
4.719502893199,0.46355458120011733,6.419609032286315,0.06936166245631994,0.0433956803497286,0.025965982106591345,0.0,2,horizon,5.320264412263159
4.730881492685,0.4645183714113706,6.43198323992408,0.0676757707155063,0.04339007759992527,0.02428569311558103,0.0,2,horizon,5.279502674318751
4.756088186945,0.4666501162565618,6.459331706029509,0.06390524771300042,0.04337370344880486,0.02053154426419556,0.0,2,horizon,5.195002520176011
4.783578155858,0.46896975063183355,6.4890572820901005,0.05981621825082913,0.04334980709526152,0.016466411155567615,0.0,2,horizon,5.110728952497414
4.79267348069,0.4697360269867344,6.498869271336556,0.05848629551111797,0.043340553919155714,0.015145741591962256,0.0,2,horizon,5.0844294858470835
4.829258774436,0.47281229970653454,6.538221754061729,0.04329679958715313,0.04329679958715313,0.0,0.0,1,horizon,4.985517592735771
4.846204131529,0.4742338797974728,6.556386096908942,0.04327309235718949,0.04327309235718949,0.0,0.0,1,horizon,4.94302409697558
4.865844068182,0.4758789215466131,6.577389197355934,0.0432429833481101,0.0432429833481101,0.0,0.0,1,horizon,4.896081698452283
4.902429361928,0.4789358804443823,6.61637166142102,0.0431796231578859,0.0431796231578859,0.0,0.0,1,horizon,4.814494852119502
4.920630339806,0.48045309735730796,6.635696336978304,0.04314470072101976,0.04314470072101976,0.0,0.0,1,horizon,4.776432332056571
4.939014655673,0.48198316513546086,6.655169223257087,0.0431072129172589,0.0431072129172589,0.0,0.0,1,horizon,4.739511237756652
4.975599949419,0.48502076514556236,6.693781976415742,0.04302622485769082,0.04302622485769082,0.0,0.0,1,horizon,4.6701653621266
5.009080226919,0.48779206727476365,6.728955787822015,0.04294497679458272,0.04294497679458272,0.0,0.0,1,horizon,4.610978323163032
5.012185243165,0.4880486707814984,6.732210030742438,0.04293710867724771,0.04293710867724771,0.0,0.0,1,horizon,4.605677469977343
5.048770536911,0.4910668731229666,6.770453512129204,0.0428402940347045,0.0428402940347045,0.0,0.0,1,horizon,4.545422959282082
5.085355830656,0.49407536401379476,6.808512562260932,0.04273619097291876,0.04273619097291876,0.0,0.0,1,horizon,4.488888485979533
5.114196189583,0.49644012138516486,6.838384793699775,0.04264924520918678,0.04264924520918678,0.0,0.0,1,horizon,4.44666301531023
5.121941124402,0.4970741360536384,6.846387338367921,0.04262518997740323,0.04262518997740323,0.0,0.0,1,horizon,4.43564847679624
5.158526418148,0.5000631825888192,6.884078012968125,0.04250766461646836,0.04250766461646836,0.0,0.0,1,horizon,4.3853408486595615
5.195111711893,0.5030424977038714,6.921584773618996,0.04238397019654607,0.04238397019654607,0.0,0.0,1,horizon,4.337673938811434
5.231697005639,0.5060120762130533,6.958907822669514,0.04225444655385457,0.04225444655385457,0.0,0.0,1,horizon,4.29237838980765
5.239118515288,0.5066132817485328,6.966456595553267,0.04222749011574351,0.04222749011574351,0.0,0.0,1,horizon,4.283458792560309
5.268282299385,0.508971913651102,6.996047377003446,0.04211941736461527,0.04211941736461527,0.0,0.0,1,horizon,4.24923420297154
5.304867593131,0.5119220062647781,7.0330036677933006,0.041979191440558054,0.041979191440558054,0.0,0.0,1,horizon,4.208048600693884
5.341452886876,0.5148623510039065,7.069776940248773,0.0418340637387134,0.0418340637387134,0.0,0.0,1,horizon,4.168653355047715
5.378038180622,0.5177929455128807,7.106367453371838,0.04168431487964825,0.04168431487964825,0.0,0.0,1,horizon,4.130900501825536
5.387579196846,0.5185556070912611,7.11587981868036,0.04164453615410981,0.04164453615410981,0.0,0.0,1,horizon,4.121308144000297
5.414623474368,0.5207137881213543,7.142775479702614,0.04153021352237907,0.04153021352237907,0.0,0.0,1,horizon,4.094659336492731
5.451208768114,0.5236248778357256,7.179001305076045,0.041372014803201254,0.041372014803201254,0.0,0.0,1,horizon,4.059814337930172
5.487794061859,0.526526214330135,7.215045228373522,0.041209963303360485,0.041209963303360485,0.0,0.0,1,horizon,4.0262625870915745
5.524379355605,0.529417797937936,7.25090756128139,0.0410442910852661,0.0410442910852661,0.0,0.0,1,horizon,3.9939100677570947
5.560964649351,0.5322996296423733,7.28658862804068,0.04087522071781666,0.04087522071781666,0.0,0.0,1,horizon,3.96267530067578
5.56401342383,0.5325393421406988,7.2895538785807075,0.04086098473685713,0.04086098473685713,0.0,0.0,1,horizon,3.9601255563078146
5.597549943096,0.5351717110679799,7.322088765206867,0.040702963320468126,0.040702963320468126,0.0,0.0,1,horizon,3.9324922483344094
5.634135236842,0.5380340444719727,7.357408321410716,0.040527721453700385,0.040527721453700385,0.0,0.0,1,horizon,3.9032812143243683
5.670720530588,0.5408866327349544,7.392547657111713,0.04034968712026819,0.04034968712026819,0.0,0.0,1,horizon,3.8749863456741283
5.707305824334,0.5437294793524106,7.427507144362536,0.04016904470090888,0.04016904470090888,0.0,0.0,1,horizon,3.847550070158101
5.743891118079,0.5465625884257497,7.462287166569088,0.039985968804708186,0.039985968804708186,0.0,0.0,1,horizon,3.8209274808364384
5.780476411825,0.5493859646538278,7.496888118257757,0.039800627244555714,0.039800627244555714,0.0,0.0,1,horizon,3.7950662594140105
5.817061705571,0.5521996133237159,7.531310404834625,0.03961317883674992,0.03961317883674992,0.0,0.0,1,horizon,3.7699261582039507
5.853646999317,0.5550035403022648,7.565554442355827,0.039423776259548016,0.039423776259548016,0.0,0.0,1,horizon,3.745468672130576
5.890232293062,0.5577977520272299,7.59962065729379,0.03923256404549931,0.03923256404549931,0.0,0.0,1,horizon,3.721654649440164
5.926817586808,0.560582255498882,7.63350948631079,0.039039680944206394,0.039039680944206394,0.0,0.0,1,horizon,3.6984587810051104
5.963402880554,0.5633570582708816,7.667221376024896,0.038845258687820274,0.038845258687820274,0.0,0.0,1,horizon,3.6758433815100444
5.999988174299,0.5661221684418757,7.700756782786123,0.03864942307552528,0.03864942307552528,0.0,0.0,1,horizon,3.653778937206692
6.036573468045,0.5688775946471191,7.734116172454275,0.03845229440115573,0.03845229440115573,0.0,0.0,1,horizon,3.6322482686662507
6.073158761791,0.571623346049455,7.767300020170462,0.038253986633072896,0.038253986633072896,0.0,0.0,1,horizon,3.611214816380171
6.109744055537,0.5743594323310861,7.800308810139657,0.03805460948656856,0.03805460948656856,0.0,0.0,1,horizon,3.590668426231966
6.146329349282,0.5770858636849344,7.833143035409727,0.03785426649338952,0.03785426649338952,0.0,0.0,1,horizon,3.57057561999332
6.182914643028,0.5798026508064874,7.865803197657828,0.03765305725301286,0.03765305725301286,0.0,0.0,1,horizon,3.550927323802745
6.219499936774,0.5825098048849439,7.8982898069698555,0.037451076273261816,0.037451076273261816,0.0,0.0,1,horizon,3.5316970380181503
6.25608523052,0.5852073375951485,7.930603381630895,0.03724841353080313,0.03724841353080313,0.0,0.0,1,horizon,3.5128702518644737
6.292670524265,0.5878952610891267,7.962744447912411,0.03704515539249127,0.03704515539249127,0.0,0.0,1,horizon,3.494431262528341
6.329255818011,0.5905735879881082,7.9947135398667974,0.03684138337503503,0.03684138337503503,0.0,0.0,1,horizon,3.4763635080063295
6.365841111757,0.5932423313738663,8.026511199115287,0.0366371743297803,0.0366371743297803,0.0,0.0,1,horizon,3.4586492844104297
6.402426405502,0.595901504780769,8.058137974645964,0.03643260760036836,0.03643260760036836,0.0,0.0,1,horizon,3.44128672238908
6.439011699248,0.5985511221878792,8.08959442261384,0.03622774865517379,0.03622774865517379,0.0,0.0,1,horizon,3.424250921124364
6.475596992994,0.601191198010454,8.120881106135414,0.036022666445729566,0.036022666445729566,0.0,0.0,1,horizon,3.407533538918106
6.51218228674,0.6038217470922266,8.151998595094062,0.035817428402837394,0.035817428402837394,0.0,0.0,1,horizon,3.391125025722104
6.548767580485,0.6064427846973095,8.182947465942542,0.035612091774677314,0.035612091774677314,0.0,0.0,1,horizon,3.375012057024412
6.585352874231,0.6090543265025848,8.213728301512818,0.03540671699583,0.03540671699583,0.0,0.0,1,horizon,3.3591855207437
6.621938167977,0.6116563885894374,8.244341690819711,0.035201359825134164,0.035201359825134164,0.0,0.0,1,horizon,3.3436360218974563
6.658523461723,0.614248987436264,8.27478822887531,0.03499607244592739,0.03499607244592739,0.0,0.0,1,horizon,3.328353894475872
6.695108755468,0.6168321399106149,8.305068516500626,0.1395531935624892,0.0348882983906223,0.0348882983906223,0.0697765967812446,4,max_phi,37.69911184307752
6.731694049214,0.61940586326182,8.335183160144528,0.03458590706258063,0.03458590706258063,0.0,0.0,1,horizon,3.2985572007773905
6.76827934296,0.6219701751129733,8.365132771696736,0.03438111875713186,0.03438111875713186,0.0,0.0,1,horizon,3.2840248894639306
6.804864636706,0.6245250934536865,8.394917968311445,0.03417658452231026,0.03417658452231026,0.0,0.0,1,horizon,3.2697262483448704
6.841449930451,0.6270706366324835,8.424539372228292,0.0339723676092311,0.0339723676092311,0.0,0.0,1,horizon,3.255663590279908
6.878035224197,0.6296068233496802,8.453997610600602,0.033768477455831565,0.033768477455831565,0.0,0.0,1,horizon,3.241817127377446
6.914620517943,0.6321336726496319,8.48329331531783,0.033564955896621854,0.033564955896621854,0.0,0.0,1,horizon,3.228180138665615
6.951205811688,0.6346512039136779,8.512427122837714,0.033361857226796236,0.033361857226796236,0.0,0.0,1,horizon,3.214760338420308
6.987791105434,0.6371594368531451,8.541399674020658,0.03315919993313617,0.03315919993313617,0.0,0.0,1,horizon,3.2015406945048523
7.02437639918,0.6396583915018055,8.57021161395937,0.03295701673045619,0.03295701673045619,0.0,0.0,1,horizon,3.188516315586462
7.060961692926,0.6421480882090863,8.598863591818784,0.03275534039772238,0.03275534039772238,0.0,0.0,1,horizon,3.1756832072037247
7.097546986671,0.6446285476329409,8.62735626067361,0.03255417963780884,0.03255417963780884,0.0,0.0,1,horizon,3.163030603400271
7.134132280417,0.6470997907331931,8.655690277352882,0.032353621460352866,0.032353621460352866,0.0,0.0,1,horizon,3.150570437003422
7.170717574163,0.6495618387642772,8.683866302279107,0.0321536321395399,0.0321536321395399,0.0,0.0,1,horizon,3.13828098023773
7.207302867909,0.6520147132687236,8.71188499931754,0.03195425626718056,0.03195425626718056,0.0,0.0,1,horizon,3.1261633686812167
7.243888161654,0.6544584360703114,8.739747035623132,0.031755516783001536,0.031755516783001536,0.0,0.0,1,horizon,3.1142131226315084
7.2804734554,0.6568930292676918,8.767453081494406,0.03155743326869946,0.03155743326869946,0.0,0.0,1,horizon,3.1024255284278714
7.317058749146,0.6593185152274164,8.795003810222038,0.12753391788497925,0.03188347947124481,0.03188347947124481,0.06376695894248963,4,max_phi,37.69911184307752
7.353644042891,0.6617349165776387,8.822399897946646,0.031163328304459528,0.031163328304459528,0.0,0.0,1,horizon,3.079324871879477
7.390229336637,0.6641422562018838,8.849642023518797,0.030967340032935695,0.030967340032935695,0.0,0.0,1,horizon,3.0680030625125285
7.426814630383,0.6665405572322957,8.876730868354608,0.03077208746422213,0.03077208746422213,0.0,0.0,1,horizon,3.0568293182364963
7.463399924129,0.6689298430436181,8.903667116301124,0.03057758577812833,0.03057758577812833,0.0,0.0,1,horizon,3.0457998893713807
7.499985217874,0.6713101372468525,8.930451453499497,0.030383834524498648,0.030383834524498648,0.0,0.0,1,horizon,3.0349083522436984
7.53657051162,0.6736814636833788,8.95708456825484,0.03019089921953525,0.03019089921953525,0.0,0.0,1,horizon,3.0241610951378437
7.573155805366,0.6760438464184989,8.983567150901022,0.029998738608757618,0.029998738608757618,0.0,0.0,1,horizon,3.0135446649796283
7.609741099112,0.6783973097357032,9.009899893675026,0.029807384174219992,0.029807384174219992,0.0,0.0,1,horizon,3.0030587745965405
7.646326392857,0.6807418781306203,9.036083490589165,0.02961683394141831,0.02961683394141831,0.0,0.0,1,horizon,2.9927006577252917
7.682911686603,0.6830775763054238,9.062118637309814,0.029427158380947564,0.029427158380947564,0.0,0.0,1,horizon,2.982474907191755
7.719496980349,0.6854044291626725,9.088006031031194,0.029238299292170387,0.029238299292170387,0.0,0.0,1,horizon,2.9723680626494313
7.756082274094,0.6877224617997991,9.113746370357797,0.029050261387572524,0.029050261387572524,0.0,0.0,1,horizon,2.962377013326374
7.79266756784,0.6900316995036678,9.139340355188912,0.028863149677389874,0.028863149677389874,0.0,0.0,1,horizon,2.952514258556209
7.829252861586,0.6923321677446347,9.16478868659899,0.028676871698648833,0.028676871698648833,0.0,0.0,1,horizon,2.942761520665902
7.865838155332,0.6946238921713145,9.19009206672719,0.02849143831002269,0.02849143831002269,0.0,0.0,1,horizon,2.93311721662218
7.902423449077,0.6969068986050387,9.215251198664827,0.028306960889454842,0.028306960889454842,0.0,0.0,1,horizon,2.9235942188702557
7.939008742823,0.6991812130347618,9.24026678634906,0.028123338011006447,0.028123338011006447,0.0,0.0,1,horizon,2.9141743983418418
7.975594036569,0.7014468616114139,9.265139534451812,0.02794060539675642,0.02794060539675642,0.0,0.0,1,horizon,2.9048587264352888
8.012179330315,0.70370387064295,9.289870148277604,0.027758792286659225,0.027758792286659225,0.0,0.0,1,horizon,2.8956526814572863
